-- phpMyAdmin SQL Dump
-- version 5.0.2
-- https://www.phpmyadmin.net/
--
-- Máy chủ: localhost
-- Thời gian đã tạo: Th8 20, 2020 lúc 04:41 AM
-- Phiên bản máy phục vụ: 10.4.11-MariaDB
-- Phiên bản PHP: 7.2.31

SET SQL_MODE = "NO_AUTO_VALUE_ON_ZERO";
START TRANSACTION;
SET time_zone = "+00:00";


/*!40101 SET @OLD_CHARACTER_SET_CLIENT=@@CHARACTER_SET_CLIENT */;
/*!40101 SET @OLD_CHARACTER_SET_RESULTS=@@CHARACTER_SET_RESULTS */;
/*!40101 SET @OLD_COLLATION_CONNECTION=@@COLLATION_CONNECTION */;
/*!40101 SET NAMES utf8mb4 */;

--
-- Cơ sở dữ liệu: `phamtiendatltw`
--

-- --------------------------------------------------------

--
-- Cấu trúc bảng cho bảng `ptd_category`
--

CREATE TABLE `ptd_category` (
  `id` int(11) NOT NULL COMMENT 'Mã Loại',
  `name` varchar(255) COLLATE utf8_unicode_ci NOT NULL COMMENT 'Tên loại SP',
  `slug` varchar(255) COLLATE utf8_unicode_ci NOT NULL COMMENT 'SLug Loại SP',
  `parentid` int(11) NOT NULL DEFAULT 0 COMMENT 'Mã cấp cha',
  `orders` int(11) NOT NULL COMMENT 'Thứ tự',
  `metakey` varchar(255) COLLATE utf8_unicode_ci NOT NULL COMMENT 'Từ khóa SEO',
  `metadesc` varchar(255) COLLATE utf8_unicode_ci NOT NULL COMMENT 'Mô tả SEO',
  `created_at` timestamp NOT NULL DEFAULT current_timestamp() COMMENT 'Ngày tạo',
  `created_by` tinyint(4) NOT NULL DEFAULT 1 COMMENT 'Người tạo',
  `updated_at` timestamp NOT NULL DEFAULT current_timestamp() COMMENT 'Ngày sửa',
  `updated_by` tinyint(4) NOT NULL DEFAULT 1 COMMENT 'Người sửa',
  `status` tinyint(4) NOT NULL DEFAULT 2 COMMENT 'Trạng thái'
) ENGINE=InnoDB DEFAULT CHARSET=utf8 COLLATE=utf8_unicode_ci;

--
-- Đang đổ dữ liệu cho bảng `ptd_category`
--

INSERT INTO `ptd_category` (`id`, `name`, `slug`, `parentid`, `orders`, `metakey`, `metadesc`, `created_at`, `created_by`, `updated_at`, `updated_by`, `status`) VALUES
(1, 'Máy Ảnh', 'may-anh', 0, 1, 'Từ khóa SEO', 'Mô tả SEO', '2020-07-03 09:06:19', 1, '2020-08-04 07:11:31', 1, 1),
(3, 'Máy Quay', 'audio', 0, 3, 'Từ khóa SEO', 'Mô tả SEO', '2020-07-03 09:06:19', 1, '2020-08-01 04:56:14', 1, 1),
(4, 'Thiết Bị Studio', 'thiet-bi-studio', 0, 1, 'Từ khóa SEO', 'Mô tả SEO', '2020-07-03 09:06:19', 1, '2020-07-03 09:06:19', 1, 1),
(5, 'Ống Kính', 'gopro', 0, 5, 'Từ khóa SEO', 'Mô tả SEO', '2020-07-03 09:06:19', 1, '2020-07-03 09:06:19', 1, 1),
(6, 'Phụ kiện', 'phu-kien', 0, 6, 'Từ khóa SEO', 'Mô tả SEO', '2020-07-03 09:06:19', 1, '2020-07-03 09:06:19', 1, 1),
(7, 'Máy Ảnh Sony', 'may-anh-sony', 1, 1, 'từ khóa seo', 'từ khóa seo', '2020-08-04 07:06:49', 1, '2020-08-04 07:06:49', 1, 1),
(8, 'Máy Ảnh Canon', 'may-anh-canon', 1, 2, 'từ khóa seo', 'từ khóa seo', '2020-08-04 07:09:11', 1, '2020-08-04 07:09:11', 1, 1),
(9, 'Máy Ảnh Nikon', 'may-anh-nikon', 1, 3, 'từ khóa seo', 'từ khóa seo', '2020-08-04 07:10:28', 1, '2020-08-04 07:10:28', 1, 1),
(10, 'Máy Ảnh Fujifilm', 'may-anh-fujifilm', 1, 4, 'từ khoá seo', 'từ khoá seo', '2020-08-04 13:58:16', 1, '2020-08-04 13:58:16', 1, 1),
(11, 'Máy Quay Sony', 'may-quay-sony', 3, 1, 'từ khoá seo', 'từ khoá seo', '2020-08-04 17:34:44', 1, '2020-08-04 17:34:44', 1, 1),
(12, 'Máy Quay Canon', 'may-quay-canon', 3, 2, 'từ khoá seo', 'từ khoá seo', '2020-08-04 17:36:32', 1, '2020-08-04 17:36:32', 1, 1),
(13, 'Đèn Flash', 'den-flash', 6, 1, 'từ khoá seo', 'từ khoá seo', '2020-08-04 17:38:20', 1, '2020-08-04 17:38:20', 1, 1),
(14, 'Thẻ Nhớ', 'the-nho', 6, 2, 'từ khoá seo', 'từ khoá seo', '2020-08-04 17:38:20', 1, '2020-08-04 17:38:20', 1, 1),
(15, 'Túi Đựng', 'tui-dung', 6, 3, 'từ khoá seo', 'từ khoá seo', '2020-08-04 17:38:20', 1, '2020-08-04 17:38:20', 1, 1),
(16, 'Sạc Pin', 'sac-pin', 6, 4, 'từ khoá seo', 'từ khoá seo', '2020-08-04 17:38:20', 1, '2020-08-04 17:38:20', 1, 1),
(17, 'Pin', 'pin', 6, 5, 'từ khoá seo', 'từ khoá seo', '2020-08-04 17:38:20', 1, '2020-08-04 17:38:20', 1, 1),
(18, 'Máy In Ảnh', 'may-in-anh', 6, 6, 'từ khoá seo', 'từ khoá seo', '2020-08-04 17:38:20', 1, '2020-08-04 17:38:20', 1, 1),
(20, 'Chan May', 'chan-may', 4, 1, 'từ khoá seo', 'từ khoá seo', '2020-08-04 17:38:20', 1, '2020-08-04 17:38:20', 1, 1);

-- --------------------------------------------------------

--
-- Cấu trúc bảng cho bảng `ptd_contact`
--

CREATE TABLE `ptd_contact` (
  `id` int(11) NOT NULL COMMENT 'Mã liên hệ',
  `fullname` varchar(255) COLLATE utf8_unicode_ci NOT NULL COMMENT 'Họ và tên',
  `email` varchar(100) COLLATE utf8_unicode_ci NOT NULL COMMENT 'Email',
  `phone` varchar(100) COLLATE utf8_unicode_ci NOT NULL COMMENT 'Điện thoại',
  `title` varchar(255) COLLATE utf8_unicode_ci NOT NULL COMMENT 'Tiêu đề',
  `detail` mediumtext COLLATE utf8_unicode_ci NOT NULL COMMENT 'Chi tiết',
  `replaydetail` text COLLATE utf8_unicode_ci DEFAULT NULL COMMENT 'Nội dung liên hệ',
  `created_at` timestamp NOT NULL DEFAULT current_timestamp() COMMENT 'Ngày liên hệ',
  `updated_at` timestamp NOT NULL DEFAULT current_timestamp() COMMENT 'Ngày trả lời',
  `updated_by` tinyint(4) NOT NULL DEFAULT 0 COMMENT 'Người trả lời',
  `status` tinyint(4) NOT NULL DEFAULT 0 COMMENT 'Tráng thái'
) ENGINE=InnoDB DEFAULT CHARSET=utf8 COLLATE=utf8_unicode_ci;

--
-- Đang đổ dữ liệu cho bảng `ptd_contact`
--

INSERT INTO `ptd_contact` (`id`, `fullname`, `email`, `phone`, `title`, `detail`, `replaydetail`, `created_at`, `updated_at`, `updated_by`, `status`) VALUES
(1, 'Nguyễn Văn Toàn', 'nguyenvantoan@gmail.com', '0987654321', 'Hỏi về liên kết mua sĩ', 'Hỏi về liên kết mua sĩ', NULL, '2020-06-30 22:31:49', '2020-06-30 22:31:49', 1, 1),
(2, 'Lê Thái Sơn', 'lethaison@gmail.com', '0987667986', 'Hỏi về liên kết mua sĩ', 'Hỏi về liên kết mua sĩ', NULL, '2020-06-30 22:31:49', '2020-06-30 22:31:49', 1, 1),
(3, 'Trần Ngọc Ái', 'tranngocai@gmail.com', '0987654379', 'Hỏi về liên kết mua sĩ', 'Hỏi về liên kết mua sĩ', NULL, '2020-06-30 22:31:49', '2020-06-30 22:31:49', 1, 1),
(4, 'Mai Tiến Sơn', 'maitienson@gmail.com', '0987654367', 'Hỏi về liên kết mua sĩ', 'Hỏi về liên kết mua sĩ', NULL, '2020-06-30 22:31:49', '2020-06-30 22:31:49', 1, 1);

-- --------------------------------------------------------

--
-- Cấu trúc bảng cho bảng `ptd_menu`
--

CREATE TABLE `ptd_menu` (
  `id` int(11) NOT NULL COMMENT 'Mã Menu',
  `name` varchar(255) COLLATE utf8_unicode_ci NOT NULL COMMENT 'Tên Menu',
  `link` varchar(255) COLLATE utf8_unicode_ci NOT NULL COMMENT 'Liên kết',
  `type` varchar(50) COLLATE utf8_unicode_ci NOT NULL COMMENT 'Kiểu Menu',
  `tableid` int(11) NOT NULL DEFAULT 0 COMMENT 'Mã trong bảng',
  `orders` int(11) NOT NULL DEFAULT 0 COMMENT 'Thứ tự',
  `position` varchar(255) COLLATE utf8_unicode_ci NOT NULL COMMENT 'Vị trí',
  `parentid` int(11) NOT NULL COMMENT 'Mã cấp cha',
  `created_at` timestamp NOT NULL DEFAULT current_timestamp() COMMENT 'Ngày Tạo',
  `created_by` tinyint(4) NOT NULL DEFAULT 1 COMMENT 'Người tạo',
  `updated_at` timestamp NOT NULL DEFAULT current_timestamp() COMMENT 'Ngày sửa',
  `updated_by` tinyint(4) NOT NULL DEFAULT 1 COMMENT 'Người sửa',
  `status` tinyint(4) NOT NULL DEFAULT 1 COMMENT 'Trạng thái'
) ENGINE=InnoDB DEFAULT CHARSET=utf8 COLLATE=utf8_unicode_ci;

--
-- Đang đổ dữ liệu cho bảng `ptd_menu`
--

INSERT INTO `ptd_menu` (`id`, `name`, `link`, `type`, `tableid`, `orders`, `position`, `parentid`, `created_at`, `created_by`, `updated_at`, `updated_by`, `status`) VALUES
(1, 'Tin tức', 'index.php?option=post&cat=tin-tuc', 'topic', 1, 0, 'mainmenu', 0, '2020-06-30 15:36:22', 1, '2020-08-06 09:36:19', 1, 1),
(2, 'Dịch vụ', 'index.php?option=post&cat=dich-vu', 'topic', 2, 0, 'mainmenu', 0, '2020-06-30 15:36:22', 1, '2020-08-06 09:34:57', 1, 1),
(3, 'Máy Ảnh Sony', 'index.php?option=product&cat=may-anh-sony', 'category', 1, 0, 'mainmenu', 10, '2020-06-30 15:36:22', 1, '2020-06-30 15:36:22', 1, 1),
(4, 'Máy Ảnh Canon', 'index.php?option=product&cat=may-anh-canon', 'category', 2, 0, 'mainmenu', 10, '2020-06-30 15:36:22', 1, '2020-06-30 15:36:22', 1, 1),
(8, 'Trang Chủ', 'index.php?option=page&cat=gioi-thieu', 'page', 1, 0, 'mainmenu', 0, '2020-06-30 15:36:22', 1, '2020-06-30 15:36:22', 1, 1),
(9, 'Giới thiệu', 'index.php?option=page&cat=gioi-thieu', 'page', 1, 0, 'mainmenu', 0, '2020-06-30 15:36:22', 1, '2020-06-30 15:36:22', 1, 1),
(10, 'Sản Phẩm', 'index.php?option=page&cat=san-pham', 'page', 1, 0, 'mainmenu', 0, '2020-06-30 15:36:22', 1, '2020-06-30 15:36:22', 1, 1),
(11, 'Máy Ảnh Nikon', 'index.php?option=product&cat=may-anh-nikon', 'category', 2, 0, 'mainmenu', 10, '2020-06-30 15:36:22', 1, '2020-06-30 15:36:22', 1, 1),
(12, 'Liên Hệ', 'index.php?option=contact', 'page', 1, 0, 'mainmenu', 0, '2020-06-30 15:36:22', 1, '2020-06-30 15:36:22', 1, 1);

-- --------------------------------------------------------

--
-- Cấu trúc bảng cho bảng `ptd_order`
--

CREATE TABLE `ptd_order` (
  `id` int(10) UNSIGNED NOT NULL COMMENT 'Mã đơn hàng',
  `code` varchar(20) COLLATE utf8_unicode_ci NOT NULL COMMENT 'Code đơn hàng',
  `userid` int(11) NOT NULL COMMENT 'Mã khách hàng',
  `createdate` timestamp NOT NULL DEFAULT current_timestamp() COMMENT 'Ngày tạo',
  `exportdate` timestamp NOT NULL DEFAULT current_timestamp() COMMENT 'Ngày xuất',
  `deliveryaddress` varchar(255) COLLATE utf8_unicode_ci NOT NULL COMMENT 'Địa chỉ người nhận',
  `deliveryname` varchar(100) COLLATE utf8_unicode_ci NOT NULL COMMENT 'Tên người nhận',
  `deliveryphone` varchar(120) COLLATE utf8_unicode_ci NOT NULL COMMENT 'Điện thoại người nhận',
  `deliveryemail` varchar(120) COLLATE utf8_unicode_ci NOT NULL COMMENT 'Email ngươig nhận',
  `updated_at` timestamp NULL DEFAULT current_timestamp() COMMENT 'Ngày cập nhật',
  `updated_by` tinyint(3) UNSIGNED DEFAULT NULL COMMENT 'Người cập nhật',
  `status` tinyint(3) UNSIGNED NOT NULL COMMENT 'Trạng thái'
) ENGINE=InnoDB DEFAULT CHARSET=utf8 COLLATE=utf8_unicode_ci;

--
-- Đang đổ dữ liệu cho bảng `ptd_order`
--

INSERT INTO `ptd_order` (`id`, `code`, `userid`, `createdate`, `exportdate`, `deliveryaddress`, `deliveryname`, `deliveryphone`, `deliveryemail`, `updated_at`, `updated_by`, `status`) VALUES
(1, '20200819084204', 4, '2020-08-18 17:00:00', '2020-08-18 17:00:00', '', 'Pham Dat', '0333727182', 'tiendatt3009@gmail.com', '2020-08-19 01:42:04', 4, 2),
(2, '20200819084234', 4, '2020-08-18 17:00:00', '2020-08-18 17:00:00', '', 'Pham Dat', '0333727182', 'tiendatt3009@gmail.com', '2020-08-19 01:42:34', 4, 2),
(3, '20200819084443', 4, '2020-08-18 17:00:00', '2020-08-18 17:00:00', '22 tan ky tan quy', 'pham van luong', '01673442622', 'safhas@gmail.com', '2020-08-19 01:44:43', 4, 2),
(4, '20200819084719', 4, '2020-08-18 17:00:00', '2020-08-18 17:00:00', 'ád', 'ádasd', 'ádsad', 'ádasd', '2020-08-19 01:47:19', 4, 2),
(5, '20200820001810', 4, '2020-08-19 17:00:00', '2020-08-19 17:00:00', 'ádfasdf', 'à', 'ádfsdafasd', 'ádfsadfa', '2020-08-19 17:18:10', 4, 2),
(6, '20200820001842', 4, '2020-08-19 17:00:00', '2020-08-19 17:00:00', 'ádfasdf', 'àd', 'ádf', 'ádfasd', '2020-08-19 17:18:42', 4, 2);

-- --------------------------------------------------------

--
-- Cấu trúc bảng cho bảng `ptd_orderdetail`
--

CREATE TABLE `ptd_orderdetail` (
  `id` int(10) UNSIGNED NOT NULL COMMENT 'Mã CT Đơn hàng',
  `orderid` int(10) UNSIGNED NOT NULL COMMENT 'Mã đơn hàng',
  `productid` int(10) UNSIGNED NOT NULL COMMENT 'Mã sản phẩm',
  `price` float(12,2) NOT NULL COMMENT 'Giá sản phẩm',
  `quantity` int(10) UNSIGNED NOT NULL COMMENT 'Số lượng',
  `amount` float(12,2) NOT NULL COMMENT 'Thành tiền'
) ENGINE=InnoDB DEFAULT CHARSET=utf8 COLLATE=utf8_unicode_ci;

--
-- Đang đổ dữ liệu cho bảng `ptd_orderdetail`
--

INSERT INTO `ptd_orderdetail` (`id`, `orderid`, `productid`, `price`, `quantity`, `amount`) VALUES
(1, 1, 23, 250000.00, 2, 500000.00),
(2, 1, 25, 250000.00, 3, 750000.00),
(3, 2, 33, 250000.00, 2, 500000.00),
(4, 2, 43, 250000.00, 3, 750000.00),
(5, 2, 46, 4850000.00, 4850000, 4850000.00),
(6, 3, 12, 259000.00, 1, 259000.00),
(7, 4, 12, 259000.00, 1, 259000.00),
(8, 5, 37, 259000.00, 2, 518000.00),
(9, 6, 17, 35000000.00, 1, 35000000.00);

-- --------------------------------------------------------

--
-- Cấu trúc bảng cho bảng `ptd_post`
--

CREATE TABLE `ptd_post` (
  `id` int(10) UNSIGNED NOT NULL COMMENT 'Mã bài viết',
  `topid` int(10) UNSIGNED DEFAULT NULL COMMENT 'Mã chủ đề',
  `title` varchar(1000) COLLATE utf8_unicode_ci NOT NULL COMMENT 'Tiêu đề bài viết',
  `slug` varchar(1000) COLLATE utf8_unicode_ci NOT NULL COMMENT 'Slug tiêu đề',
  `detail` longtext COLLATE utf8_unicode_ci NOT NULL COMMENT 'Chi tiết bài viết',
  `img` varchar(50) COLLATE utf8_unicode_ci NOT NULL COMMENT 'Hình ảnh',
  `type` varchar(10) COLLATE utf8_unicode_ci NOT NULL DEFAULT 'post' COMMENT 'Kiểu bài viết',
  `metakey` varchar(255) COLLATE utf8_unicode_ci NOT NULL COMMENT 'Từ khóa SEO',
  `metadesc` varchar(255) COLLATE utf8_unicode_ci NOT NULL COMMENT 'Mô tả SEO',
  `created_at` timestamp NOT NULL DEFAULT current_timestamp() COMMENT 'Ngày tạo',
  `created_by` tinyint(4) NOT NULL DEFAULT 1 COMMENT 'Người tạo',
  `updated_at` timestamp NOT NULL DEFAULT current_timestamp() COMMENT 'Ngày sửa',
  `updated_by` tinyint(4) NOT NULL DEFAULT 1 COMMENT 'Người sửa',
  `status` tinyint(4) NOT NULL DEFAULT 2 COMMENT 'Trạng thái'
) ENGINE=InnoDB DEFAULT CHARSET=utf8 COLLATE=utf8_unicode_ci;

--
-- Đang đổ dữ liệu cho bảng `ptd_post`
--

INSERT INTO `ptd_post` (`id`, `topid`, `title`, `slug`, `detail`, `img`, `type`, `metakey`, `metadesc`, `created_at`, `created_by`, `updated_at`, `updated_by`, `status`) VALUES
(1, NULL, 'Giới thiệu', 'gioi-thieu', '<p>Thành lập từ năm 2011 đến nay, Bình Minh Digital là một ngành mũi nhọn của hệ thống Điện Máy Bình Minh để gây dựng thương hiệu và phát triển bền vững lâu dài nhắm đến lợi ích sau cùng cho người tiêu dùng. Bình Minh Digital xây dựng và phát triển dựa trên sự hợp tác với các thương hiệu lớn trong ngành kĩ thuật số, nhằm đem đến cho người tiêu dùng những sản phẩm chất lượng nhất với giá thành hợp lí nhất.</p>\r\n<h5>Sứ mệnh của công ty</h5>\r\n<p>Bình Minh Digital mong muốn đem lại sự hài lòng cho khách hàng không chỉ riêng sản phẩm. Chúng tôi cam kết cung cấp và phục vụ tới khách hàng những sản phẩm, dịch vụ có chất lượng và giá trị tốt nhất với chi phí hợp lý nhất.</p>\r\n<h5>Tầm nhìn công ty</h5>\r\n<p>\r\nVới định hướng xây dựng Bình Minh Digital trở thành thương hiệu bán hàng điện tử, kĩ thuật số công nghệ cao hàng đầu Việt Nam. Chúng tôi cam kết sẽ là địa chỉ tin cậy tuyệt đối cho khách hàng muốn tìm kiếm những sản phẩm uy tín, chất lượng được đảm bảo dựa trên cam kết chính sách đổi, trả và dịch vụ bảo hành sản phẩm của chúng tôi.</p>\r\n<h5>\r\nĐịnh hướng phát triển của công ty</h5>\r\n<p>Giữ vững và ngày càng tăng tốc độ phát triển trên mọi chỉ tiêu: doanh số, thị phần, nhân lực, giá trị thương hiệu, số lượng và chất lượng sản phẩm. Tập trung các nguồn lực để cung cấp sản phẩm và dịch vụ đáp ứng nhu cầu ngày càng cao của khách hàng.\r\nĐội ngũ nhân viên sáng tạo, năng động. nhiệt tình và ham học hỏi, Bình Minh Digital tự hào khi mang đến cho khách hàng những sản phẩm chất lượng cao với giá ưu đãi, tư vấn miễn phí và giao hàng tận nơi.</p>\r\n<h5>Là đối tác tin cậy</h5>\r\n<p>Công ty chúng tôi hợp tác phân phối với nhiều thương hiệu uy tín trên toàn thế giới nhằm mang lại cho khách hàng nhiều sự lựa chọn hơn và an tâm về chất lượng hơn. \r\n\r\nCác thương hiệu máy ảnh, kĩ thuật số như: SONY, NIKON, CANON, FUJIFILM, SAMSUNG, PISEN…</p>', 'tin-tuc.jpg', 'page', 'Từ khóa SEO', 'Mô tả SEO', '2020-06-30 22:20:53', 1, '2020-06-30 22:20:53', 1, 1),
(2, NULL, 'Chính sách vận chuyển', 'chinh-sach-van-chuyen', 'Chính sách giao hàng\r\n 12/12/2015, 03:31 AM\r\nVới mong muốn tạo ra nhiều hơn nữa giá trị gia tăng cho Quý khách hàng khi mua sắm sản phẩm tại Bình Minh Digital, chúng tôi triển khai chính sách giao hàng trên toàn quốc. Đội ngũ nhân viên giao hàng của Bình Minh Digital với phong cách làm việc chuyên nghiệp, tác phong lịch sự, thân thiện, nhiệt tình sẽ mang đến cho bạn những sản phẩm chất lượng nhất, những phút giây thoải mái nhất. Chính sách giao hàng được áp dụng cho tất cả các sản phẩm kinh doanh tại Binhminhdigital\r\n\r\nCÁCH THỨC GIAO HÀNG\r\n\r\nSau khi đơn hàng được xác nhận và thanh toán được hoàn tất, Binhminhdigital sẽ xử lý đơn hàng và lên kế hoạch giao hàng trong thời gian sớm nhất. Chúng tôi sẽ căn cứ vào thông tin khách hàng cung cấp hoặc thỏa thuận để tiến hành giao hàng.\r\n\r\n>>Trước khi tiến hành giao hàng, nhân viên giao hàng của chúng tôi sẽ gọi điện xác nhận đơn hàng, thời gian và địa điểm giao hàng để giao dịch được tốt nhất. Sau khi kiểm tra và nhận sản phẩm, Quý khách vui lòng ký nhận cho nhân viên của chúng tôi. Đối với trường hợp người nhận không phải là bạn, chúng tôi sẽ gọi điện thoại để xác nhận thông tin người được ủy thác.\r\n\r\n>>Riêng đối với hình thức Chuyển phát nhanh, để chắc chắn rằng sản phẩm sẽ được gởi đến đúng địa chỉ của khách hàng, Bình Minh Digital sẽ gọi điện hoặc gửi email xác nhận đơn hàng 1 lần nữa.\r\n\r\n>>Trong trường hợp Quý khách hàng có nhu cầu giao hàng đặc biệt hoặc cần tư vấn xin vui lòng liên hệ với\r\nchúng tôi để được tư vấn hình thức vận chuyển với mdức cước phù hợp nhất, Chúng tôi luôn sẵn sàng phục vụ với chi phí giao hàng hợp lý nhất.\r\n\r\nHÌNH THỨC GIAO HÀNG\r\n\r\n\r\nĐể khách hàng có thêm nhiều sự lựa chọn, Bình Minh Digital áp dụng các hình thức giao hàng sau:\r\n\r\n\r\n- Nhận hàng tại Công ty => Xem chi tiết\r\n\r\n- Giao hàng tận nơi (Đối với đơn hàng tại TP. Hồ Chí Minh, Nha Trang, Hà Nội, Đà Nẵng) => Xem chi tiết\r\n\r\n- Chuyển phát nhanh (Đối với đơn hàng tại các tỉnh, thành khác) => Xem chi tiết\r\n\r\nVới mỗi một hình thức giao hàng, chúng tôi luôn hỗ trợ Quý khách hàng một cách tốt nhất từ thông tin lịch trình đơn hàng đến mức phí vận chuyển. Quý khách hàng vui lòng xem chi tiết nội dung các hình thức giao hàng để lựa chọn.\r\n\r\nTHỜI GIAN LÀM VIỆC\r\n\r\nThời gian giao hàng từ 8h15 – 18h từ Thứ 2 đến Chủ nhật. Trường hợp Quý khách hàng có yêu cầu giao hàng vào ngày Lễ, Tết, vui lòng liên hệ với chúng tôi để thỏa thuận cụ thể.\r\n', 'tin-tuc.jpg', 'page', 'Từ khóa SEO', 'Mô tả SEO', '2020-06-30 22:20:53', 1, '2020-06-30 22:20:53', 1, 1),
(3, NULL, 'Chính sách đổi trả', 'giao-hang-tan-noi', 'Giao hàng tận nơi\r\n 14/12/2015, 01:53 AM\r\nBình Minh Digital hỗ trợ giao hàng tận nơi đối với những khách hàng trong nội thành TP. Hồ Chí Minh, Nha Trang, Hà Nội, Đà Nẵng, Bà Rịa - Vũng tàu, Đắk Lắk.\r\n\r\n- Khu vực Thành phố Hồ Chí Minh, Hà Nội: Ngay sau khi đơn hàng của Quý khách hàng được xác nhận, Bình Minh Digital sẽ tiến hành giao hàng trong vòng 24h. Sản phẩm sẽ đến tận tay khách hàng trong thời gian ngắn nhất.\r\n- Khu vực Nha Trang, Đà Nẵng, Đồng Nai, Bình Dương, Đắk Lắk, Vũng Tàu, Ninh Thuận, Vinh (Khu vực trung tâm): Bình Minh Digital sẽ tiến hành giao hàng trong vòng 1-3 ngày.\r\n\r\nSau khi xác nhận đơn hàng và nhận được thanh toán, Bình Minh Digital sẽ thực hiện đơn hàng và tiến hành giao hàng đến Quý khách hàng thông qua đội ngũ nhân viên và phương tiện của Công ty.', 'tin-tuc.jpg', 'page', 'Từ khóa SEO', 'Mô tả SEO', '2020-06-30 22:20:53', 1, '2020-06-30 22:20:53', 1, 1),
(4, NULL, 'Chuyển Phát Nhanh', 'chuyen-phat-nhanh', '\r\n\r\n<p> 12/12/2015, 03:54 AM</p>\r\n<p>\r\nĐối với những khách hàng trong khu vực tỉnh thành khác, Bình Minh Digital sẽ giao hàng bằng hình thức chuyển phát nhanh thông qua các đơn vị cung cấp dịch vụ chuyển phát nhanh. Hình thức này không những đảm bảo hàng hóa đến đúng địa chỉ, thời gian mà còn thể hiện tính chuyên nghiệp trong quá trình vận chuyển hàng hóa.\r\n\r\nThời gian giao hàng trong vòng 2-5 ngày tùy phạm vi và địa điểm Quý khách hàng thỏa thuận. Quý khách hàng sẽ nhận được sản phẩm đã đặt mua trong thời gian tối đa là 5 ngày.\r\nBình Minh Digital sử dụng phương tiện vận chuyển tùy theo từng loại sản phẩm, khoảng cách địa lý bao gồm xe máy, ô tô, tàu hỏa hoặc máy bay. Ngoài ra, chúng tôi cũng hỗ trợ gửi hàng theo yêu cầu của Quý khách hàng. Quý khách có thể lựa chọn phương tiện vận chuyển cho sản phẩm đặt mua, chúng tôi luôn sẵn sàng đáp ứng Quý khách.\r\n\r\nMức phí giao hàng khác nhau phụ thuộc vào khoảng cách và khối lượng sản phẩm mà khách hàng đặt mua hoặc theo mức phí của các đơn vị cung cấp dịch vụ. Quý khách hàng có thể hoàn toàn yên tâm vì chúng tôi sẽ thông báo về khoản phí này trước khi khách hàng thanh toán đơn hàng. Ngoài ra, đối với một số hàng hóa có bảo hiểm vận chuyển, phí bảo hiểm sẽ được tính vào phí vận chuyển. Hàng hóa được bảo hiểm sẽ là một cam kết chắc chắn nhằm tránh những rủi ro trong quá trình vận chuyển để hàng hóa đến tay khách hàng một cách an toàn nhất.\r\n\r\nKhi giao hàng chúng tôi sẽ gửi lại qua email biên bản giao hàng ghi rõ hàng hoá, số lượng, qui cách chủng loại xác nhận với người mua, tên, số điện thoại đơn vị giao nhận hàng để Quý khách hàng tiện liên hệ nhận hàng trong trường hợp hàng đến chậm.\r\n</p>\r\n', 'tin-tuc.jpg', 'page', 'Từ khóa SEO', 'Mô tả SEO', '2020-06-30 22:20:53', 1, '2020-06-30 22:20:53', 1, 1),
(5, 1, 'Ống kính nào tốt nhất cho máy ảnh Nikon Z5?', 'Ống kính nào tốt nhất cho máy ảnh Nikon Z5?', '<h4>Nikkor Z 14-30mm F4 S</h4>\r\n<p>Nikkor Z 14-30mm F4 S là chiếc ống kính zoom góc rộng tốt nhất cho Nikon Z5 mà chúng mình muốn đề xuất cho bạn. Ống kính thiết kế nhỏ gọn nhưng có phạm vi zoom bao quát từ 14 đến 30 mm với khẩu độ F4 cố định mang đến chất lượng hình ảnh vượt trội. Chỉ với một ống kính Z 14-30mm là bạn có thể chụp đa dạng các thể loại như phong cảnh, du lịch, sự kiện và kiến trúc…\r\n\r\nỐng kính có cấu tạo quang học gồm có 14 thấu kính trong 12 nhóm, trong đó bao gồm 4 thành phần kính Phân tán siêu thấp (ED) và bốn thành phần thấu kính phi cầu giúp tạo ra hình ảnh với độ sắc nét cao, rõ nét và hiển thị màu chính xác.\r\n\r\nNikkor Z 14-30mm được trang bị lớp phủ Nano, giúp ống kính góc rộng này triệt tiêu được các hiện tượng như loá sáng, bóng ma giúp cho hình ảnh trong và đẹp hơn.\r\n\r\nNgoài ra, ống kính còn có động cơ chuyển động bước mang lại hiệu suất lấy nét tự động nhanh, êm và chính xác, và trình lấy nét thủ công hoàn toàn phù hợp với cả chụp ảnh và quay video. Vòng điều khiển có thể lập trình hỗ trợ thiết lập các điều chỉnh trực quan trên đa dạng máy ảnh và thiết lập phơi sáng.</p>\r\n  <div style=\"padding-left:350px;\"><img src=\"public/images/att1.jpg\" class=\"card-img-top\" alt=\"...\"></div>\r\n<h4>2. Ống kính Prime góc rộng tốt nhất</h4>\r\n<h4>Nikkor Z 35mm F1.8 S</h4>\r\n<p>Đây là ống kính góc rộng được đặc trưng bởi tính linh hoạt và khẩu độ tối đa F1.8 để phục vụ cho hệ thống máy ảnh mirrorless fullframe là Nikon Z5.\r\n\r\nKhẩu độ tối đa F1.8 sáng hoạt động trong điều kiện ánh sáng khó khăn và cũng tăng cường khả năng kiểm soát độ sâu trường để cô lập đối tượng và làm việc với tiêu điểm chọn lọc.\r\n\r\nThiết kế quang học có hai yếu tố phân tán cực thấp và ba yếu tố phi cầu, làm giảm nhiều quang sai và biến dạng để tạo ra hình ảnh với độ sắc nét cao, rõ ràng và hiển thị màu chính xác. Cả Nano Crystal và Super Integrated Coatings đều được sử dụng để ngăn chặn sự bùng phát và bóng mờ cho độ trung thực màu sắc cao hơn và độ tương phản cao hơn.\r\n\r\nỐng kính Nikon Nikkor Z 35mm F1.8 S có hiệu suất lấy nét tự động mượt mà, yên tĩnh và nhanh chóng, rất phù hợp với cả ảnh tĩnh lẫn ứng dụng video.</p>\r\n  <div style=\"padding-left:350px;\"><img src=\"public/images/att11.jpg\" class=\"card-img-top\" alt=\"...\"></div>\r\n\r\n<h4></h4>\r\n<p></p>\r\n<h4></h4>\r\n<p></p>\r\n<h4></h4>\r\n<p></p>\r\n', 'tt1.jpg', 'post', 'Tìm kiếm ống kính tốt nhất cho Nikon Z5? Dưới đây là các mẫu ống kính ngàm Z được đề xuất hàng đầu của chúng tôi dành', 'Mô tả SEO', '2020-07-03 09:12:37', 1, '2020-07-03 09:12:37', 1, 1),
(6, 1, 'Siêu phẩm mới trình làng Sony A7S III có gì hấp dẫn? Giá bán bao nhiêu?', 'tin-tuc-2', '\r\n<p>Tại sự kiện trực tuyến diễn ra tối 28/7, Sony đã chính thức trình làng a7S III. Không phụ lòng mong mỏi của người dùng hãng đã trang bị cho \"gà chiến\" của mình hàng loạt cải tiến vượt bật như chip xử lý hình ảnh mới Bionz XR, quay video 4K/120p, quay 16-bit RAW, hệ thống lấy nét mới, thiết kế thân máy dày hơn, cùng một hệ thống menu hoàn toàn mới... Cùng đến với bài viết siêu phẩm A7S III có gì hấp dẫn dưới đây để hiểu rõ hơn về thành viên mới nhất của gia đình máy ảnh Sony này nhé!</p>\r\n  <div style=\"padding-left:350px;\"><img src=\"public/images/S9.jpg\" class=\"card-img-top\" alt=\"...\"></div>\r\n<h4>Những đặc điểm nổi bật của Sony a7S III</h4>\r\n\r\n<p>Về cốt lõi, Sony a7S III được trang bị cảm biến BSI CMOS 12MP thế hệ mới với tốc độ đọc nhanh, máy cung cấp dải ISO từ 80-102400 (có thể mở rộng 40 - 409600). Cảm biến này, được kết hợp với bộ xử lý BIONZ XR mới, có thể quay video 4K/120p và 4K/60p ở 10-bit 4: 2: 2 không crop, cũng như xuất RAW 16 bit qua cổng HDMI ở độ phân giải 4K/60p. </p>\r\n  <div style=\"padding-left:350px;\"><img src=\"public/images/S9-1.jpg\" class=\"card-img-top\" alt=\"...\"></div>\r\n\r\n\r\n<p>Sony cũng đã thiết kế một hệ thống lấy nét mới với 759 điểm nhận diện theo pha, độ phủ lấy nét 92%, hỗ trợ lấy nét theo đối tượng chuyển động liên tục khi quay phim. Máy ảnh tự hào có tốc độ chụp liên tục tối đa 10 khung hình/giây cho một hơn 1.000 ảnh RAW không nén liên tiếp và với theo dõi AF/AE đầy đủ.\r\n\r\nVề thiết kế, máy ảnh có thiết kế dày hơn để tản nhiệt và chứa IBIS, cũng như một số lựa chọn thiết kế thú vị bên cạnh đó. Chúng bao gồm kính ngắm điện tử OLED lên tới 9.44 triệu điểm (đây là EVF có độ phân giải lớn nhất thời điểm hiện tại), một cổng HDMI loại lớn, một màn hình LCD xoay lật đa hướng có khả năng cảm ứng và hai khe thẻ nhớ với khả năng hỗ trợ một khe SD hoặc CFexpress Type A.\r\n\r\n </p>\r\n<div style=\"padding-left:350px;\"><img src=\"public/images/S9-2.jpg\" class=\"card-img-top\" alt=\"...\"></div>\r\n\r\n\r\n<p>Cuối cùng, Sony cuối cùng đã lắng nghe ý khiến người dùng khi ra mắt một hệ thống menu hoàn toàn mới với chức năng màn hình cảm ứng trong Sony a7S III.\r\n\r\nBạn có thể thấy Menu dưới đây:</p>\r\n<div style=\"padding-left:350px;\"><img src=\"public/images/S9-3.jpg\" class=\"card-img-top\" alt=\"...\"></div>\r\n<h4>Giá bán Sony a7S III là bao nhiêu?</h4>\r\n<p>Với nhiều tính năng, đặc điểm nổi bật Sony a7S III hứa hẹn sẽ là cổ máy mạnh mẽ mang đến cho người dùng những trải nghiệm đỉnh cao. Máy ảnh Sony a7S III dự kiến sẽ lên kệ vào cuối tháng 9 tới và cho đặt hàng từ ngày hôm nay với giá bán là 3,500 USD (khoảng 81 triệu đồng). Bạn có thể đặt hàng ngay tại đây.</p>\r\n', 'tt2.jpg', 'post', 'Tại sự kiện trực tuyến diễn ra tối 28/7, Sony đã chính thức trình làng a7S III. Không phụ lòng mong mỏi của người dùng hãng đã trang', 'Tìm kiếm ống kính tốt nhất cho Nikon Z5? Dưới đây là các mẫu ống kính ngàm Z được đề xuất hàng đầu của chúng tôi dành', '2020-07-03 09:12:37', 1, '2020-07-03 09:12:37', 1, 1),
(7, 1, 'PHỤ KIỆN THÍCH HỢP CHO MÁY ẢNH CANON EOS R5', 'tin-tuc-3', 'Chi tiết bài viết Chi tiết bài viết Chi tiết bài viết Chi tiết bài viết Chi tiết bài viết Chi tiết bài viết Chi tiết bài viết Chi tiết bài viết Chi tiết bài viết Chi tiết bài viết Chi tiết bài viết Chi tiết bài viết Chi tiết bài viết Chi tiết bài viết Chi tiết bài viết Chi tiết bài viết Chi tiết bài viết Chi tiết bài viết Chi tiết bài viết Chi tiết bài viết Chi tiết bài viết Chi tiết bài viết Chi tiết bài viết Chi tiết bài viết Chi tiết bài viết Chi tiết bài viết Chi tiết bài viết Chi tiết bài viết Chi tiết bài viết Chi tiết bài viết Chi tiết bài viết Chi tiết bài viết Chi tiết bài viết Chi tiết bài viết Chi tiết bài viết Chi tiết bài viết Chi tiết bài viết Chi tiết bài viết Chi tiết bài viết Chi tiết bài viết Chi tiết bài viết Chi tiết bài viết Chi tiết bài viết Chi tiết bài viết Chi tiết bài viết Chi tiết bài viết Chi tiết bài viết Chi tiết bài viết Chi tiết bài viết Chi tiết bài viết Chi tiết bài viết Chi tiết bài viết Chi tiết bài viết Chi tiết bài viết Chi tiết bài viết Chi tiết bài viết Chi tiết bài viết Chi tiết bài viết Chi tiết bài viết Chi tiết bài viết Chi tiết bài viết Chi tiết bài viết Chi tiết bài viết Chi tiết bài viết Chi tiết bài viết Chi tiết bài viết Chi tiết bài viết Chi tiết bài viết Chi tiết bài viết Chi tiết bài viết Chi tiết bài viết Chi tiết bài viết Chi tiết bài viết Chi tiết bài viết Chi tiết bài viết Chi tiết bài viết Chi tiết bài viết Chi tiết bài viết Chi tiết bài viết Chi tiết bài viết Chi tiết bài viết Chi tiết bài viết Chi tiết bài viết Chi tiết bài viết Chi tiết bài viết Chi tiết bài viết Chi tiết bài viết Chi tiết bài viết Chi tiết bài viết Chi tiết bài viết ', 'tt3.jpg', 'post', 'Tân binh Canon EOS R5 với nhiều nâng cấp mạnh mẽ về chất lượng tạo ảnh và khả năng quay phim đỉnh cao đã nhận được nhiều đánh', 'Mô tả SEO', '2020-07-03 09:12:37', 1, '2020-07-03 09:12:37', 1, 1),
(8, 1, 'HƯỚNG DẪN CHỌN ỐNG KÍNH: TOP ỐNG KÍNH TỐT NHẤT CHO MÁY ẢNH', 'tt4.jpg', 'Chi tiết bài viết Chi tiết bài viết Chi tiết bài viết Chi tiết bài viết Chi tiết bài viết Chi tiết bài viết Chi tiết bài viết Chi tiết bài viết Chi tiết bài viết Chi tiết bài viết Chi tiết bài viết Chi tiết bài viết Chi tiết bài viết Chi tiết bài viết Chi tiết bài viết Chi tiết bài viết Chi tiết bài viết Chi tiết bài viết Chi tiết bài viết Chi tiết bài viết Chi tiết bài viết Chi tiết bài viết Chi tiết bài viết Chi tiết bài viết Chi tiết bài viết Chi tiết bài viết Chi tiết bài viết Chi tiết bài viết Chi tiết bài viết Chi tiết bài viết Chi tiết bài viết Chi tiết bài viết Chi tiết bài viết Chi tiết bài viết Chi tiết bài viết Chi tiết bài viết Chi tiết bài viết Chi tiết bài viết Chi tiết bài viết Chi tiết bài viết Chi tiết bài viết Chi tiết bài viết Chi tiết bài viết Chi tiết bài viết Chi tiết bài viết Chi tiết bài viết Chi tiết bài viết Chi tiết bài viết Chi tiết bài viết Chi tiết bài viết Chi tiết bài viết Chi tiết bài viết Chi tiết bài viết Chi tiết bài viết Chi tiết bài viết Chi tiết bài viết Chi tiết bài viết Chi tiết bài viết Chi tiết bài viết Chi tiết bài viết Chi tiết bài viết Chi tiết bài viết Chi tiết bài viết Chi tiết bài viết Chi tiết bài viết Chi tiết bài viết Chi tiết bài viết Chi tiết bài viết Chi tiết bài viết Chi tiết bài viết Chi tiết bài viết Chi tiết bài viết Chi tiết bài viết Chi tiết bài viết Chi tiết bài viết Chi tiết bài viết Chi tiết bài viết Chi tiết bài viết Chi tiết bài viết Chi tiết bài viết Chi tiết bài viết Chi tiết bài viết Chi tiết bài viết Chi tiết bài viết Chi tiết bài viết Chi tiết bài viết Chi tiết bài viết Chi tiết bài viết Chi tiết bài viết Chi tiết bài viết ', 'tt4.jpg', 'post', 'EOS R6 vừa được Canon ra mắt mang một sứ mệnh mới khi được nâng cấp nhiều về tính năng và trang bị những công nghệ mới nhất', 'Mô tả SEO', '2020-07-03 09:12:37', 1, '2020-07-03 09:12:37', 1, 1),
(9, 1, 'TỔNG HỢP CÁC MẪU MÁY ẢNH QUAY VLOG TỐT NHẤT HIỆN NAY', 'tin-tuc-5', 'Chi tiết bài viết Chi tiết bài viết Chi tiết bài viết Chi tiết bài viết Chi tiết bài viết Chi tiết bài viết Chi tiết bài viết Chi tiết bài viết Chi tiết bài viết Chi tiết bài viết Chi tiết bài viết Chi tiết bài viết Chi tiết bài viết Chi tiết bài viết Chi tiết bài viết Chi tiết bài viết Chi tiết bài viết Chi tiết bài viết Chi tiết bài viết Chi tiết bài viết Chi tiết bài viết Chi tiết bài viết Chi tiết bài viết Chi tiết bài viết Chi tiết bài viết Chi tiết bài viết Chi tiết bài viết Chi tiết bài viết Chi tiết bài viết Chi tiết bài viết Chi tiết bài viết Chi tiết bài viết Chi tiết bài viết Chi tiết bài viết Chi tiết bài viết Chi tiết bài viết Chi tiết bài viết Chi tiết bài viết Chi tiết bài viết Chi tiết bài viết Chi tiết bài viết Chi tiết bài viết Chi tiết bài viết Chi tiết bài viết Chi tiết bài viết Chi tiết bài viết Chi tiết bài viết Chi tiết bài viết Chi tiết bài viết Chi tiết bài viết Chi tiết bài viết Chi tiết bài viết Chi tiết bài viết Chi tiết bài viết Chi tiết bài viết Chi tiết bài viết Chi tiết bài viết Chi tiết bài viết Chi tiết bài viết Chi tiết bài viết Chi tiết bài viết Chi tiết bài viết Chi tiết bài viết Chi tiết bài viết Chi tiết bài viết Chi tiết bài viết Chi tiết bài viết Chi tiết bài viết Chi tiết bài viết Chi tiết bài viết Chi tiết bài viết Chi tiết bài viết Chi tiết bài viết Chi tiết bài viết Chi tiết bài viết Chi tiết bài viết Chi tiết bài viết Chi tiết bài viết Chi tiết bài viết Chi tiết bài viết Chi tiết bài viết Chi tiết bài viết Chi tiết bài viết Chi tiết bài viết Chi tiết bài viết Chi tiết bài viết Chi tiết bài viết Chi tiết bài viết Chi tiết bài viết Chi tiết bài viết ', 'tt5.jpg', 'post', 'Một chiếc máy ảnh tốt sẽ là công cụ đắc lực và vô cùng quan trọng giúp các vlogger tạo ra những sản phẩm vlog triệu view đỉnh cao. Vậy', 'Mô tả SEO', '2020-07-03 09:12:37', 1, '2020-07-03 09:12:37', 1, 1),
(10, 1, 'LOẠT THẺ NHỚ TỐT NHẤT CHO MÁY ẢNH PANASONIC LUMIX DC-G100', 'tin-tuc-6', 'Chi tiết bài viết Chi tiết bài viết Chi tiết bài viết Chi tiết bài viết Chi tiết bài viết Chi tiết bài viết Chi tiết bài viết Chi tiết bài viết Chi tiết bài viết Chi tiết bài viết Chi tiết bài viết Chi tiết bài viết Chi tiết bài viết Chi tiết bài viết Chi tiết bài viết Chi tiết bài viết Chi tiết bài viết Chi tiết bài viết Chi tiết bài viết Chi tiết bài viết Chi tiết bài viết Chi tiết bài viết Chi tiết bài viết Chi tiết bài viết Chi tiết bài viết Chi tiết bài viết Chi tiết bài viết Chi tiết bài viết Chi tiết bài viết Chi tiết bài viết Chi tiết bài viết Chi tiết bài viết Chi tiết bài viết Chi tiết bài viết Chi tiết bài viết Chi tiết bài viết Chi tiết bài viết Chi tiết bài viết Chi tiết bài viết Chi tiết bài viết Chi tiết bài viết Chi tiết bài viết Chi tiết bài viết Chi tiết bài viết Chi tiết bài viết Chi tiết bài viết Chi tiết bài viết Chi tiết bài viết Chi tiết bài viết Chi tiết bài viết Chi tiết bài viết Chi tiết bài viết Chi tiết bài viết Chi tiết bài viết Chi tiết bài viết Chi tiết bài viết Chi tiết bài viết Chi tiết bài viết Chi tiết bài viết Chi tiết bài viết Chi tiết bài viết Chi tiết bài viết Chi tiết bài viết Chi tiết bài viết Chi tiết bài viết Chi tiết bài viết Chi tiết bài viết Chi tiết bài viết Chi tiết bài viết Chi tiết bài viết Chi tiết bài viết Chi tiết bài viết Chi tiết bài viết Chi tiết bài viết Chi tiết bài viết Chi tiết bài viết Chi tiết bài viết Chi tiết bài viết Chi tiết bài viết Chi tiết bài viết Chi tiết bài viết Chi tiết bài viết Chi tiết bài viết Chi tiết bài viết Chi tiết bài viết Chi tiết bài viết Chi tiết bài viết Chi tiết bài viết Chi tiết bài viết Chi tiết bài viết ', 'tt6.jpg', 'post', 'Bạn đang sở hữu Panasonic Lumix DC-G100 và đang tìm kiếm một chiếc thẻ nhớ chất lượng, giá cả hợp lý. Giữa rất nhiều mẫu mã', 'Mô tả SEO', '2020-07-03 09:12:37', 1, '2020-07-03 09:12:37', 1, 1),
(11, 1, 'Tin tức 7', 'tin-tuc-7', 'Chi tiết bài viết Chi tiết bài viết Chi tiết bài viết Chi tiết bài viết Chi tiết bài viết Chi tiết bài viết Chi tiết bài viết Chi tiết bài viết Chi tiết bài viết Chi tiết bài viết Chi tiết bài viết Chi tiết bài viết Chi tiết bài viết Chi tiết bài viết Chi tiết bài viết Chi tiết bài viết Chi tiết bài viết Chi tiết bài viết Chi tiết bài viết Chi tiết bài viết Chi tiết bài viết Chi tiết bài viết Chi tiết bài viết Chi tiết bài viết Chi tiết bài viết Chi tiết bài viết Chi tiết bài viết Chi tiết bài viết Chi tiết bài viết Chi tiết bài viết Chi tiết bài viết Chi tiết bài viết Chi tiết bài viết Chi tiết bài viết Chi tiết bài viết Chi tiết bài viết Chi tiết bài viết Chi tiết bài viết Chi tiết bài viết Chi tiết bài viết Chi tiết bài viết Chi tiết bài viết Chi tiết bài viết Chi tiết bài viết Chi tiết bài viết Chi tiết bài viết Chi tiết bài viết Chi tiết bài viết Chi tiết bài viết Chi tiết bài viết Chi tiết bài viết Chi tiết bài viết Chi tiết bài viết Chi tiết bài viết Chi tiết bài viết Chi tiết bài viết Chi tiết bài viết Chi tiết bài viết Chi tiết bài viết Chi tiết bài viết Chi tiết bài viết Chi tiết bài viết Chi tiết bài viết Chi tiết bài viết Chi tiết bài viết Chi tiết bài viết Chi tiết bài viết Chi tiết bài viết Chi tiết bài viết Chi tiết bài viết Chi tiết bài viết Chi tiết bài viết Chi tiết bài viết Chi tiết bài viết Chi tiết bài viết Chi tiết bài viết Chi tiết bài viết Chi tiết bài viết Chi tiết bài viết Chi tiết bài viết Chi tiết bài viết Chi tiết bài viết Chi tiết bài viết Chi tiết bài viết Chi tiết bài viết Chi tiết bài viết Chi tiết bài viết Chi tiết bài viết Chi tiết bài viết Chi tiết bài viết ', 'tin-tuc.jpg', 'post', 'Từ khóa SEO', 'Mô tả SEO', '2020-07-03 09:12:37', 1, '2020-07-03 09:12:37', 1, 1),
(12, 1, 'Tin tức 8', 'tin-tuc-8', 'Chi tiết bài viết Chi tiết bài viết Chi tiết bài viết Chi tiết bài viết Chi tiết bài viết Chi tiết bài viết Chi tiết bài viết Chi tiết bài viết Chi tiết bài viết Chi tiết bài viết Chi tiết bài viết Chi tiết bài viết Chi tiết bài viết Chi tiết bài viết Chi tiết bài viết Chi tiết bài viết Chi tiết bài viết Chi tiết bài viết Chi tiết bài viết Chi tiết bài viết Chi tiết bài viết Chi tiết bài viết Chi tiết bài viết Chi tiết bài viết Chi tiết bài viết Chi tiết bài viết Chi tiết bài viết Chi tiết bài viết Chi tiết bài viết Chi tiết bài viết Chi tiết bài viết Chi tiết bài viết Chi tiết bài viết Chi tiết bài viết Chi tiết bài viết Chi tiết bài viết Chi tiết bài viết Chi tiết bài viết Chi tiết bài viết Chi tiết bài viết Chi tiết bài viết Chi tiết bài viết Chi tiết bài viết Chi tiết bài viết Chi tiết bài viết Chi tiết bài viết Chi tiết bài viết Chi tiết bài viết Chi tiết bài viết Chi tiết bài viết Chi tiết bài viết Chi tiết bài viết Chi tiết bài viết Chi tiết bài viết Chi tiết bài viết Chi tiết bài viết Chi tiết bài viết Chi tiết bài viết Chi tiết bài viết Chi tiết bài viết Chi tiết bài viết Chi tiết bài viết Chi tiết bài viết Chi tiết bài viết Chi tiết bài viết Chi tiết bài viết Chi tiết bài viết Chi tiết bài viết Chi tiết bài viết Chi tiết bài viết Chi tiết bài viết Chi tiết bài viết Chi tiết bài viết Chi tiết bài viết Chi tiết bài viết Chi tiết bài viết Chi tiết bài viết Chi tiết bài viết Chi tiết bài viết Chi tiết bài viết Chi tiết bài viết Chi tiết bài viết Chi tiết bài viết Chi tiết bài viết Chi tiết bài viết Chi tiết bài viết Chi tiết bài viết Chi tiết bài viết Chi tiết bài viết Chi tiết bài viết ', 'tin-tuc.jpg', 'post', 'Từ khóa SEO', 'Mô tả SEO', '2020-07-03 09:12:37', 1, '2020-07-03 09:12:37', 1, 1),
(13, 1, 'Tin tức 9', 'tin-tuc-9', 'Chi tiết bài viết Chi tiết bài viết Chi tiết bài viết Chi tiết bài viết Chi tiết bài viết Chi tiết bài viết Chi tiết bài viết Chi tiết bài viết Chi tiết bài viết Chi tiết bài viết Chi tiết bài viết Chi tiết bài viết Chi tiết bài viết Chi tiết bài viết Chi tiết bài viết Chi tiết bài viết Chi tiết bài viết Chi tiết bài viết Chi tiết bài viết Chi tiết bài viết Chi tiết bài viết Chi tiết bài viết Chi tiết bài viết Chi tiết bài viết Chi tiết bài viết Chi tiết bài viết Chi tiết bài viết Chi tiết bài viết Chi tiết bài viết Chi tiết bài viết Chi tiết bài viết Chi tiết bài viết Chi tiết bài viết Chi tiết bài viết Chi tiết bài viết Chi tiết bài viết Chi tiết bài viết Chi tiết bài viết Chi tiết bài viết Chi tiết bài viết Chi tiết bài viết Chi tiết bài viết Chi tiết bài viết Chi tiết bài viết Chi tiết bài viết Chi tiết bài viết Chi tiết bài viết Chi tiết bài viết Chi tiết bài viết Chi tiết bài viết Chi tiết bài viết Chi tiết bài viết Chi tiết bài viết Chi tiết bài viết Chi tiết bài viết Chi tiết bài viết Chi tiết bài viết Chi tiết bài viết Chi tiết bài viết Chi tiết bài viết Chi tiết bài viết Chi tiết bài viết Chi tiết bài viết Chi tiết bài viết Chi tiết bài viết Chi tiết bài viết Chi tiết bài viết Chi tiết bài viết Chi tiết bài viết Chi tiết bài viết Chi tiết bài viết Chi tiết bài viết Chi tiết bài viết Chi tiết bài viết Chi tiết bài viết Chi tiết bài viết Chi tiết bài viết Chi tiết bài viết Chi tiết bài viết Chi tiết bài viết Chi tiết bài viết Chi tiết bài viết Chi tiết bài viết Chi tiết bài viết Chi tiết bài viết Chi tiết bài viết Chi tiết bài viết Chi tiết bài viết Chi tiết bài viết Chi tiết bài viết ', 'tin-tuc.jpg', 'post', 'Từ khóa SEO', 'Mô tả SEO', '2020-07-03 09:12:37', 1, '2020-07-03 09:12:37', 1, 1),
(14, 1, 'Tin tức 10', 'tin-tuc-10', 'Chi tiết bài viết Chi tiết bài viết Chi tiết bài viết Chi tiết bài viết Chi tiết bài viết Chi tiết bài viết Chi tiết bài viết Chi tiết bài viết Chi tiết bài viết Chi tiết bài viết Chi tiết bài viết Chi tiết bài viết Chi tiết bài viết Chi tiết bài viết Chi tiết bài viết Chi tiết bài viết Chi tiết bài viết Chi tiết bài viết Chi tiết bài viết Chi tiết bài viết Chi tiết bài viết Chi tiết bài viết Chi tiết bài viết Chi tiết bài viết Chi tiết bài viết Chi tiết bài viết Chi tiết bài viết Chi tiết bài viết Chi tiết bài viết Chi tiết bài viết Chi tiết bài viết Chi tiết bài viết Chi tiết bài viết Chi tiết bài viết Chi tiết bài viết Chi tiết bài viết Chi tiết bài viết Chi tiết bài viết Chi tiết bài viết Chi tiết bài viết Chi tiết bài viết Chi tiết bài viết Chi tiết bài viết Chi tiết bài viết Chi tiết bài viết Chi tiết bài viết Chi tiết bài viết Chi tiết bài viết Chi tiết bài viết Chi tiết bài viết Chi tiết bài viết Chi tiết bài viết Chi tiết bài viết Chi tiết bài viết Chi tiết bài viết Chi tiết bài viết Chi tiết bài viết Chi tiết bài viết Chi tiết bài viết Chi tiết bài viết Chi tiết bài viết Chi tiết bài viết Chi tiết bài viết Chi tiết bài viết Chi tiết bài viết Chi tiết bài viết Chi tiết bài viết Chi tiết bài viết Chi tiết bài viết Chi tiết bài viết Chi tiết bài viết Chi tiết bài viết Chi tiết bài viết Chi tiết bài viết Chi tiết bài viết Chi tiết bài viết Chi tiết bài viết Chi tiết bài viết Chi tiết bài viết Chi tiết bài viết Chi tiết bài viết Chi tiết bài viết Chi tiết bài viết Chi tiết bài viết Chi tiết bài viết Chi tiết bài viết Chi tiết bài viết Chi tiết bài viết Chi tiết bài viết Chi tiết bài viết ', 'tin-tuc.jpg', 'post', 'Từ khóa SEO', 'Mô tả SEO', '2020-07-03 09:12:37', 1, '2020-07-03 09:12:37', 1, 1),
(15, 1, 'Tin tức 11', 'tin-tuc-11', 'Chi tiết bài viết Chi tiết bài viết Chi tiết bài viết Chi tiết bài viết Chi tiết bài viết Chi tiết bài viết Chi tiết bài viết Chi tiết bài viết Chi tiết bài viết Chi tiết bài viết Chi tiết bài viết Chi tiết bài viết Chi tiết bài viết Chi tiết bài viết Chi tiết bài viết Chi tiết bài viết Chi tiết bài viết Chi tiết bài viết Chi tiết bài viết Chi tiết bài viết Chi tiết bài viết Chi tiết bài viết Chi tiết bài viết Chi tiết bài viết Chi tiết bài viết Chi tiết bài viết Chi tiết bài viết Chi tiết bài viết Chi tiết bài viết Chi tiết bài viết Chi tiết bài viết Chi tiết bài viết Chi tiết bài viết Chi tiết bài viết Chi tiết bài viết Chi tiết bài viết Chi tiết bài viết Chi tiết bài viết Chi tiết bài viết Chi tiết bài viết Chi tiết bài viết Chi tiết bài viết Chi tiết bài viết Chi tiết bài viết Chi tiết bài viết Chi tiết bài viết Chi tiết bài viết Chi tiết bài viết Chi tiết bài viết Chi tiết bài viết Chi tiết bài viết Chi tiết bài viết Chi tiết bài viết Chi tiết bài viết Chi tiết bài viết Chi tiết bài viết Chi tiết bài viết Chi tiết bài viết Chi tiết bài viết Chi tiết bài viết Chi tiết bài viết Chi tiết bài viết Chi tiết bài viết Chi tiết bài viết Chi tiết bài viết Chi tiết bài viết Chi tiết bài viết Chi tiết bài viết Chi tiết bài viết Chi tiết bài viết Chi tiết bài viết Chi tiết bài viết Chi tiết bài viết Chi tiết bài viết Chi tiết bài viết Chi tiết bài viết Chi tiết bài viết Chi tiết bài viết Chi tiết bài viết Chi tiết bài viết Chi tiết bài viết Chi tiết bài viết Chi tiết bài viết Chi tiết bài viết Chi tiết bài viết Chi tiết bài viết Chi tiết bài viết Chi tiết bài viết Chi tiết bài viết Chi tiết bài viết ', 'tin-tuc.jpg', 'post', 'Từ khóa SEO', 'Mô tả SEO', '2020-07-03 09:12:37', 1, '2020-07-03 09:12:37', 1, 1),
(16, 1, 'Tin tức 12', 'tin-tuc-12', 'Chi tiết bài viết Chi tiết bài viết Chi tiết bài viết Chi tiết bài viết Chi tiết bài viết Chi tiết bài viết Chi tiết bài viết Chi tiết bài viết Chi tiết bài viết Chi tiết bài viết Chi tiết bài viết Chi tiết bài viết Chi tiết bài viết Chi tiết bài viết Chi tiết bài viết Chi tiết bài viết Chi tiết bài viết Chi tiết bài viết Chi tiết bài viết Chi tiết bài viết Chi tiết bài viết Chi tiết bài viết Chi tiết bài viết Chi tiết bài viết Chi tiết bài viết Chi tiết bài viết Chi tiết bài viết Chi tiết bài viết Chi tiết bài viết Chi tiết bài viết Chi tiết bài viết Chi tiết bài viết Chi tiết bài viết Chi tiết bài viết Chi tiết bài viết Chi tiết bài viết Chi tiết bài viết Chi tiết bài viết Chi tiết bài viết Chi tiết bài viết Chi tiết bài viết Chi tiết bài viết Chi tiết bài viết Chi tiết bài viết Chi tiết bài viết Chi tiết bài viết Chi tiết bài viết Chi tiết bài viết Chi tiết bài viết Chi tiết bài viết Chi tiết bài viết Chi tiết bài viết Chi tiết bài viết Chi tiết bài viết Chi tiết bài viết Chi tiết bài viết Chi tiết bài viết Chi tiết bài viết Chi tiết bài viết Chi tiết bài viết Chi tiết bài viết Chi tiết bài viết Chi tiết bài viết Chi tiết bài viết Chi tiết bài viết Chi tiết bài viết Chi tiết bài viết Chi tiết bài viết Chi tiết bài viết Chi tiết bài viết Chi tiết bài viết Chi tiết bài viết Chi tiết bài viết Chi tiết bài viết Chi tiết bài viết Chi tiết bài viết Chi tiết bài viết Chi tiết bài viết Chi tiết bài viết Chi tiết bài viết Chi tiết bài viết Chi tiết bài viết Chi tiết bài viết Chi tiết bài viết Chi tiết bài viết Chi tiết bài viết Chi tiết bài viết Chi tiết bài viết Chi tiết bài viết Chi tiết bài viết ', 'tin-tuc.jpg', 'post', 'Từ khóa SEO', 'Mô tả SEO', '2020-07-03 09:12:37', 1, '2020-07-03 09:12:37', 1, 1),
(17, 1, 'Tin tức 13', 'tin-tuc-13', 'Chi tiết bài viết Chi tiết bài viết Chi tiết bài viết Chi tiết bài viết Chi tiết bài viết Chi tiết bài viết Chi tiết bài viết Chi tiết bài viết Chi tiết bài viết Chi tiết bài viết Chi tiết bài viết Chi tiết bài viết Chi tiết bài viết Chi tiết bài viết Chi tiết bài viết Chi tiết bài viết Chi tiết bài viết Chi tiết bài viết Chi tiết bài viết Chi tiết bài viết Chi tiết bài viết Chi tiết bài viết Chi tiết bài viết Chi tiết bài viết Chi tiết bài viết Chi tiết bài viết Chi tiết bài viết Chi tiết bài viết Chi tiết bài viết Chi tiết bài viết Chi tiết bài viết Chi tiết bài viết Chi tiết bài viết Chi tiết bài viết Chi tiết bài viết Chi tiết bài viết Chi tiết bài viết Chi tiết bài viết Chi tiết bài viết Chi tiết bài viết Chi tiết bài viết Chi tiết bài viết Chi tiết bài viết Chi tiết bài viết Chi tiết bài viết Chi tiết bài viết Chi tiết bài viết Chi tiết bài viết Chi tiết bài viết Chi tiết bài viết Chi tiết bài viết Chi tiết bài viết Chi tiết bài viết Chi tiết bài viết Chi tiết bài viết Chi tiết bài viết Chi tiết bài viết Chi tiết bài viết Chi tiết bài viết Chi tiết bài viết Chi tiết bài viết Chi tiết bài viết Chi tiết bài viết Chi tiết bài viết Chi tiết bài viết Chi tiết bài viết Chi tiết bài viết Chi tiết bài viết Chi tiết bài viết Chi tiết bài viết Chi tiết bài viết Chi tiết bài viết Chi tiết bài viết Chi tiết bài viết Chi tiết bài viết Chi tiết bài viết Chi tiết bài viết Chi tiết bài viết Chi tiết bài viết Chi tiết bài viết Chi tiết bài viết Chi tiết bài viết Chi tiết bài viết Chi tiết bài viết Chi tiết bài viết Chi tiết bài viết Chi tiết bài viết Chi tiết bài viết Chi tiết bài viết Chi tiết bài viết ', 'tin-tuc.jpg', 'post', 'Từ khóa SEO', 'Mô tả SEO', '2020-07-03 09:12:37', 1, '2020-07-03 09:12:37', 1, 1),
(18, 1, 'Tin tức 14', 'tin-tuc-14', 'Chi tiết bài viết Chi tiết bài viết Chi tiết bài viết Chi tiết bài viết Chi tiết bài viết Chi tiết bài viết Chi tiết bài viết Chi tiết bài viết Chi tiết bài viết Chi tiết bài viết Chi tiết bài viết Chi tiết bài viết Chi tiết bài viết Chi tiết bài viết Chi tiết bài viết Chi tiết bài viết Chi tiết bài viết Chi tiết bài viết Chi tiết bài viết Chi tiết bài viết Chi tiết bài viết Chi tiết bài viết Chi tiết bài viết Chi tiết bài viết Chi tiết bài viết Chi tiết bài viết Chi tiết bài viết Chi tiết bài viết Chi tiết bài viết Chi tiết bài viết Chi tiết bài viết Chi tiết bài viết Chi tiết bài viết Chi tiết bài viết Chi tiết bài viết Chi tiết bài viết Chi tiết bài viết Chi tiết bài viết Chi tiết bài viết Chi tiết bài viết Chi tiết bài viết Chi tiết bài viết Chi tiết bài viết Chi tiết bài viết Chi tiết bài viết Chi tiết bài viết Chi tiết bài viết Chi tiết bài viết Chi tiết bài viết Chi tiết bài viết Chi tiết bài viết Chi tiết bài viết Chi tiết bài viết Chi tiết bài viết Chi tiết bài viết Chi tiết bài viết Chi tiết bài viết Chi tiết bài viết Chi tiết bài viết Chi tiết bài viết Chi tiết bài viết Chi tiết bài viết Chi tiết bài viết Chi tiết bài viết Chi tiết bài viết Chi tiết bài viết Chi tiết bài viết Chi tiết bài viết Chi tiết bài viết Chi tiết bài viết Chi tiết bài viết Chi tiết bài viết Chi tiết bài viết Chi tiết bài viết Chi tiết bài viết Chi tiết bài viết Chi tiết bài viết Chi tiết bài viết Chi tiết bài viết Chi tiết bài viết Chi tiết bài viết Chi tiết bài viết Chi tiết bài viết Chi tiết bài viết Chi tiết bài viết Chi tiết bài viết Chi tiết bài viết Chi tiết bài viết Chi tiết bài viết Chi tiết bài viết ', 'tin-tuc.jpg', 'post', 'Từ khóa SEO', 'Mô tả SEO', '2020-07-03 09:12:37', 1, '2020-07-03 09:12:37', 1, 1),
(19, 1, 'Tin tức 15', 'tin-tuc-15', 'Chi tiết bài viết Chi tiết bài viết Chi tiết bài viết Chi tiết bài viết Chi tiết bài viết Chi tiết bài viết Chi tiết bài viết Chi tiết bài viết Chi tiết bài viết Chi tiết bài viết Chi tiết bài viết Chi tiết bài viết Chi tiết bài viết Chi tiết bài viết Chi tiết bài viết Chi tiết bài viết Chi tiết bài viết Chi tiết bài viết Chi tiết bài viết Chi tiết bài viết Chi tiết bài viết Chi tiết bài viết Chi tiết bài viết Chi tiết bài viết Chi tiết bài viết Chi tiết bài viết Chi tiết bài viết Chi tiết bài viết Chi tiết bài viết Chi tiết bài viết Chi tiết bài viết Chi tiết bài viết Chi tiết bài viết Chi tiết bài viết Chi tiết bài viết Chi tiết bài viết Chi tiết bài viết Chi tiết bài viết Chi tiết bài viết Chi tiết bài viết Chi tiết bài viết Chi tiết bài viết Chi tiết bài viết Chi tiết bài viết Chi tiết bài viết Chi tiết bài viết Chi tiết bài viết Chi tiết bài viết Chi tiết bài viết Chi tiết bài viết Chi tiết bài viết Chi tiết bài viết Chi tiết bài viết Chi tiết bài viết Chi tiết bài viết Chi tiết bài viết Chi tiết bài viết Chi tiết bài viết Chi tiết bài viết Chi tiết bài viết Chi tiết bài viết Chi tiết bài viết Chi tiết bài viết Chi tiết bài viết Chi tiết bài viết Chi tiết bài viết Chi tiết bài viết Chi tiết bài viết Chi tiết bài viết Chi tiết bài viết Chi tiết bài viết Chi tiết bài viết Chi tiết bài viết Chi tiết bài viết Chi tiết bài viết Chi tiết bài viết Chi tiết bài viết Chi tiết bài viết Chi tiết bài viết Chi tiết bài viết Chi tiết bài viết Chi tiết bài viết Chi tiết bài viết Chi tiết bài viết Chi tiết bài viết Chi tiết bài viết Chi tiết bài viết Chi tiết bài viết Chi tiết bài viết Chi tiết bài viết ', 'tin-tuc.jpg', 'post', 'Từ khóa SEO', 'Mô tả SEO', '2020-07-03 09:12:37', 1, '2020-07-03 09:12:37', 1, 1),
(20, 1, 'Tin tức 16', 'tin-tuc-16', 'Chi tiết bài viết Chi tiết bài viết Chi tiết bài viết Chi tiết bài viết Chi tiết bài viết Chi tiết bài viết Chi tiết bài viết Chi tiết bài viết Chi tiết bài viết Chi tiết bài viết Chi tiết bài viết Chi tiết bài viết Chi tiết bài viết Chi tiết bài viết Chi tiết bài viết Chi tiết bài viết Chi tiết bài viết Chi tiết bài viết Chi tiết bài viết Chi tiết bài viết Chi tiết bài viết Chi tiết bài viết Chi tiết bài viết Chi tiết bài viết Chi tiết bài viết Chi tiết bài viết Chi tiết bài viết Chi tiết bài viết Chi tiết bài viết Chi tiết bài viết Chi tiết bài viết Chi tiết bài viết Chi tiết bài viết Chi tiết bài viết Chi tiết bài viết Chi tiết bài viết Chi tiết bài viết Chi tiết bài viết Chi tiết bài viết Chi tiết bài viết Chi tiết bài viết Chi tiết bài viết Chi tiết bài viết Chi tiết bài viết Chi tiết bài viết Chi tiết bài viết Chi tiết bài viết Chi tiết bài viết Chi tiết bài viết Chi tiết bài viết Chi tiết bài viết Chi tiết bài viết Chi tiết bài viết Chi tiết bài viết Chi tiết bài viết Chi tiết bài viết Chi tiết bài viết Chi tiết bài viết Chi tiết bài viết Chi tiết bài viết Chi tiết bài viết Chi tiết bài viết Chi tiết bài viết Chi tiết bài viết Chi tiết bài viết Chi tiết bài viết Chi tiết bài viết Chi tiết bài viết Chi tiết bài viết Chi tiết bài viết Chi tiết bài viết Chi tiết bài viết Chi tiết bài viết Chi tiết bài viết Chi tiết bài viết Chi tiết bài viết Chi tiết bài viết Chi tiết bài viết Chi tiết bài viết Chi tiết bài viết Chi tiết bài viết Chi tiết bài viết Chi tiết bài viết Chi tiết bài viết Chi tiết bài viết Chi tiết bài viết Chi tiết bài viết Chi tiết bài viết Chi tiết bài viết Chi tiết bài viết ', 'tin-tuc.jpg', 'post', 'Từ khóa SEO', 'Mô tả SEO', '2020-07-03 09:12:37', 1, '2020-07-03 09:12:37', 1, 1),
(21, 2, 'Dịch vụ-7', 'dich-vu-7', 'Chi tiết bài viết Chi tiết bài viết Chi tiết bài viết Chi tiết bài viết Chi tiết bài viết Chi tiết bài viết Chi tiết bài viết Chi tiết bài viết Chi tiết bài viết Chi tiết bài viết Chi tiết bài viết Chi tiết bài viết Chi tiết bài viết Chi tiết bài viết Chi tiết bài viết Chi tiết bài viết Chi tiết bài viết Chi tiết bài viết Chi tiết bài viết Chi tiết bài viết Chi tiết bài viết Chi tiết bài viết Chi tiết bài viết Chi tiết bài viết Chi tiết bài viết Chi tiết bài viết Chi tiết bài viết Chi tiết bài viết Chi tiết bài viết Chi tiết bài viết Chi tiết bài viết Chi tiết bài viết Chi tiết bài viết Chi tiết bài viết Chi tiết bài viết Chi tiết bài viết Chi tiết bài viết Chi tiết bài viết Chi tiết bài viết Chi tiết bài viết Chi tiết bài viết Chi tiết bài viết Chi tiết bài viết Chi tiết bài viết Chi tiết bài viết Chi tiết bài viết Chi tiết bài viết Chi tiết bài viết Chi tiết bài viết Chi tiết bài viết Chi tiết bài viết Chi tiết bài viết Chi tiết bài viết Chi tiết bài viết Chi tiết bài viết Chi tiết bài viết Chi tiết bài viết Chi tiết bài viết Chi tiết bài viết Chi tiết bài viết Chi tiết bài viết Chi tiết bài viết Chi tiết bài viết Chi tiết bài viết Chi tiết bài viết Chi tiết bài viết Chi tiết bài viết Chi tiết bài viết Chi tiết bài viết Chi tiết bài viết Chi tiết bài viết Chi tiết bài viết Chi tiết bài viết Chi tiết bài viết Chi tiết bài viết Chi tiết bài viết Chi tiết bài viết Chi tiết bài viết Chi tiết bài viết Chi tiết bài viết Chi tiết bài viết Chi tiết bài viết Chi tiết bài viết Chi tiết bài viết Chi tiết bài viết Chi tiết bài viết Chi tiết bài viết Chi tiết bài viết Chi tiết bài viết Chi tiết bài viết ', 'tin-tuc.jpg', 'post', 'Từ khóa SEO', 'Mô tả SEO', '2020-07-03 09:12:37', 1, '2020-07-03 09:12:37', 1, 1),
(22, 2, 'Dịch vụ-8', 'dich-vu-8', 'Chi tiết bài viết Chi tiết bài viết Chi tiết bài viết Chi tiết bài viết Chi tiết bài viết Chi tiết bài viết Chi tiết bài viết Chi tiết bài viết Chi tiết bài viết Chi tiết bài viết Chi tiết bài viết Chi tiết bài viết Chi tiết bài viết Chi tiết bài viết Chi tiết bài viết Chi tiết bài viết Chi tiết bài viết Chi tiết bài viết Chi tiết bài viết Chi tiết bài viết Chi tiết bài viết Chi tiết bài viết Chi tiết bài viết Chi tiết bài viết Chi tiết bài viết Chi tiết bài viết Chi tiết bài viết Chi tiết bài viết Chi tiết bài viết Chi tiết bài viết Chi tiết bài viết Chi tiết bài viết Chi tiết bài viết Chi tiết bài viết Chi tiết bài viết Chi tiết bài viết Chi tiết bài viết Chi tiết bài viết Chi tiết bài viết Chi tiết bài viết Chi tiết bài viết Chi tiết bài viết Chi tiết bài viết Chi tiết bài viết Chi tiết bài viết Chi tiết bài viết Chi tiết bài viết Chi tiết bài viết Chi tiết bài viết Chi tiết bài viết Chi tiết bài viết Chi tiết bài viết Chi tiết bài viết Chi tiết bài viết Chi tiết bài viết Chi tiết bài viết Chi tiết bài viết Chi tiết bài viết Chi tiết bài viết Chi tiết bài viết Chi tiết bài viết Chi tiết bài viết Chi tiết bài viết Chi tiết bài viết Chi tiết bài viết Chi tiết bài viết Chi tiết bài viết Chi tiết bài viết Chi tiết bài viết Chi tiết bài viết Chi tiết bài viết Chi tiết bài viết Chi tiết bài viết Chi tiết bài viết Chi tiết bài viết Chi tiết bài viết Chi tiết bài viết Chi tiết bài viết Chi tiết bài viết Chi tiết bài viết Chi tiết bài viết Chi tiết bài viết Chi tiết bài viết Chi tiết bài viết Chi tiết bài viết Chi tiết bài viết Chi tiết bài viết Chi tiết bài viết Chi tiết bài viết Chi tiết bài viết ', 'tin-tuc.jpg', 'post', 'Từ khóa SEO', 'Mô tả SEO', '2020-07-03 09:12:37', 1, '2020-07-03 09:12:37', 1, 1),
(23, 2, 'Dịch vụ-9', 'dich-vu-9', 'Chi tiết bài viết Chi tiết bài viết Chi tiết bài viết Chi tiết bài viết Chi tiết bài viết Chi tiết bài viết Chi tiết bài viết Chi tiết bài viết Chi tiết bài viết Chi tiết bài viết Chi tiết bài viết Chi tiết bài viết Chi tiết bài viết Chi tiết bài viết Chi tiết bài viết Chi tiết bài viết Chi tiết bài viết Chi tiết bài viết Chi tiết bài viết Chi tiết bài viết Chi tiết bài viết Chi tiết bài viết Chi tiết bài viết Chi tiết bài viết Chi tiết bài viết Chi tiết bài viết Chi tiết bài viết Chi tiết bài viết Chi tiết bài viết Chi tiết bài viết Chi tiết bài viết Chi tiết bài viết Chi tiết bài viết Chi tiết bài viết Chi tiết bài viết Chi tiết bài viết Chi tiết bài viết Chi tiết bài viết Chi tiết bài viết Chi tiết bài viết Chi tiết bài viết Chi tiết bài viết Chi tiết bài viết Chi tiết bài viết Chi tiết bài viết Chi tiết bài viết Chi tiết bài viết Chi tiết bài viết Chi tiết bài viết Chi tiết bài viết Chi tiết bài viết Chi tiết bài viết Chi tiết bài viết Chi tiết bài viết Chi tiết bài viết Chi tiết bài viết Chi tiết bài viết Chi tiết bài viết Chi tiết bài viết Chi tiết bài viết Chi tiết bài viết Chi tiết bài viết Chi tiết bài viết Chi tiết bài viết Chi tiết bài viết Chi tiết bài viết Chi tiết bài viết Chi tiết bài viết Chi tiết bài viết Chi tiết bài viết Chi tiết bài viết Chi tiết bài viết Chi tiết bài viết Chi tiết bài viết Chi tiết bài viết Chi tiết bài viết Chi tiết bài viết Chi tiết bài viết Chi tiết bài viết Chi tiết bài viết Chi tiết bài viết Chi tiết bài viết Chi tiết bài viết Chi tiết bài viết Chi tiết bài viết Chi tiết bài viết Chi tiết bài viết Chi tiết bài viết Chi tiết bài viết Chi tiết bài viết ', 'tin-tuc.jpg', 'post', 'Từ khóa SEO', 'Mô tả SEO', '2020-07-03 09:12:37', 1, '2020-07-03 09:12:37', 1, 1),
(24, 2, 'Dịch vụ-10', 'dich-vu-10', 'Chi tiết bài viết Chi tiết bài viết Chi tiết bài viết Chi tiết bài viết Chi tiết bài viết Chi tiết bài viết Chi tiết bài viết Chi tiết bài viết Chi tiết bài viết Chi tiết bài viết Chi tiết bài viết Chi tiết bài viết Chi tiết bài viết Chi tiết bài viết Chi tiết bài viết Chi tiết bài viết Chi tiết bài viết Chi tiết bài viết Chi tiết bài viết Chi tiết bài viết Chi tiết bài viết Chi tiết bài viết Chi tiết bài viết Chi tiết bài viết Chi tiết bài viết Chi tiết bài viết Chi tiết bài viết Chi tiết bài viết Chi tiết bài viết Chi tiết bài viết Chi tiết bài viết Chi tiết bài viết Chi tiết bài viết Chi tiết bài viết Chi tiết bài viết Chi tiết bài viết Chi tiết bài viết Chi tiết bài viết Chi tiết bài viết Chi tiết bài viết Chi tiết bài viết Chi tiết bài viết Chi tiết bài viết Chi tiết bài viết Chi tiết bài viết Chi tiết bài viết Chi tiết bài viết Chi tiết bài viết Chi tiết bài viết Chi tiết bài viết Chi tiết bài viết Chi tiết bài viết Chi tiết bài viết Chi tiết bài viết Chi tiết bài viết Chi tiết bài viết Chi tiết bài viết Chi tiết bài viết Chi tiết bài viết Chi tiết bài viết Chi tiết bài viết Chi tiết bài viết Chi tiết bài viết Chi tiết bài viết Chi tiết bài viết Chi tiết bài viết Chi tiết bài viết Chi tiết bài viết Chi tiết bài viết Chi tiết bài viết Chi tiết bài viết Chi tiết bài viết Chi tiết bài viết Chi tiết bài viết Chi tiết bài viết Chi tiết bài viết Chi tiết bài viết Chi tiết bài viết Chi tiết bài viết Chi tiết bài viết Chi tiết bài viết Chi tiết bài viết Chi tiết bài viết Chi tiết bài viết Chi tiết bài viết Chi tiết bài viết Chi tiết bài viết Chi tiết bài viết Chi tiết bài viết Chi tiết bài viết ', 'tin-tuc.jpg', 'post', 'Từ khóa SEO', 'Mô tả SEO', '2020-07-03 09:12:37', 1, '2020-07-03 09:12:37', 1, 1);

-- --------------------------------------------------------

--
-- Cấu trúc bảng cho bảng `ptd_product`
--

CREATE TABLE `ptd_product` (
  `id` int(10) UNSIGNED NOT NULL COMMENT 'Mã sản phẩm',
  `catid` int(10) UNSIGNED NOT NULL COMMENT 'Mã loại sản phẩm',
  `name` varchar(1000) COLLATE utf8_unicode_ci NOT NULL COMMENT 'Tên sản phẩm',
  `slug` varchar(1000) COLLATE utf8_unicode_ci NOT NULL COMMENT 'Slug tên sản phẩm',
  `img` varchar(255) COLLATE utf8_unicode_ci NOT NULL COMMENT 'Hình ảnh',
  `detail` mediumtext COLLATE utf8_unicode_ci NOT NULL COMMENT 'Chi tiết',
  `number` smallint(5) UNSIGNED NOT NULL COMMENT 'Số lượng',
  `price` float(12,3) NOT NULL COMMENT 'Giá',
  `pricesale` float(12,3) NOT NULL COMMENT 'Giá khuyến mãi',
  `metakey` varchar(255) COLLATE utf8_unicode_ci NOT NULL COMMENT 'Từ khóa SEO',
  `metadesc` varchar(255) COLLATE utf8_unicode_ci NOT NULL COMMENT 'Mô tả SEO',
  `created_at` timestamp NOT NULL DEFAULT current_timestamp() COMMENT 'Ngày tạo',
  `created_by` tinyint(3) UNSIGNED NOT NULL DEFAULT 1 COMMENT 'Người tạo',
  `updated_at` timestamp NOT NULL DEFAULT current_timestamp() COMMENT 'Ngày sửa',
  `updated_by` tinyint(3) UNSIGNED NOT NULL DEFAULT 1 COMMENT 'Người sửa',
  `status` tinyint(3) UNSIGNED NOT NULL DEFAULT 2 COMMENT 'Trạng thái'
) ENGINE=InnoDB DEFAULT CHARSET=utf8 COLLATE=utf8_unicode_ci;

--
-- Đang đổ dữ liệu cho bảng `ptd_product`
--

INSERT INTO `ptd_product` (`id`, `catid`, `name`, `slug`, `img`, `detail`, `number`, `price`, `pricesale`, `metakey`, `metadesc`, `created_at`, `created_by`, `updated_at`, `updated_by`, `status`) VALUES
(1, 7, 'MÁY ẢNH SONY ALPHA A6000 KIT E PZ 16-50MM F3.5-5.6 OSS/ ILCE-6000L/ ĐEN', 'may-anh-sony-alpha-a6000-kit-e-pz-16-50mm-f3-5-5-6-oss-ilce-6000l-den', 'S1.jpg', 'Máy ảnh Sony Alpha A6000 chiếc máy ảnh Mirrorless  là sự cải tiến vượt bậc của Sony với khoảng thời gian lấy nét chỉ trong 0.06s. Ngoài ra, những hình ảnh với dải màu sâu và độ tương phản mềm mại sẽ được tạo ra liên tục với hơn 600 tấm ảnh chỉ trong một lần sạc pin.\r\nMáy được trang bị bộ cảm biến Exmor APS HD CMOS 24.3MP APS-C và bộ xử lý hình ảnh BIONZ X có độ phân giải cao rất có lợi để chụp những ảnh khổ lớn chuyên dụng cho thiết kế hay những chi tiết dù nhỏ nhất cũng sẽ được ghi lại qua từng điểm ảnh một các rõ nét nhất. Các chip trên ống kính lấp đầy những khoảng trống giữa các điểm ảnh lân cận nhằm phù hợp với khả năng tập trung ánh sáng và độ sắc nét.\r\n\r\nThời gian lấy nét được cải thiện với hệ thống lấy nét tự động thông minh Fast Hybrid AF với 179 điểm lấy nét tự động trong đó có 25 điểm lấy nét tương phản tự động phát hiện và tập trung chính xác các game màu trong ít nhất là 0.06 giây. Hệ thống đầu tiên sử dụng các điểm phát hiện AF để nhanh chóng đưa đối tượng vào tầm thiết lập và sau đó sử dụng các điểm AF tương phản, với vùng phủ sóng rộng AF, để tinh chỉnh độ sắc nét một cách chính xác nhất. Khóa-on AF là một chế độ dành riêng để sử dụng đối với các mục tiêu di chuyển nhiều. Nó sẽ tự điều chỉnh kích thước khung ảnh theo đúng bước di chuyển của mục tiêu xác định. Ngoải ra, hệ thống lấy nét bằng tay cũng được trang bị tăng cường để hỗ trợ tối đa cho người sử dụng.\r\nViệc theo dõi các mục tiêu được thực hiện thông qua một màn hình LCD rộng 3” độ phân giải 1.440 k-dot sẽ giúp cho việc hiển thị hình ảnh rõ ràng hơn. Phía trên là một kính ngắm điện tử 1cm. Công nghệ WhiteMagic giúp tăng độ sáng của màn hình để sử dụng tốt hơn trong điều kiện chói sáng bởi ánh sáng mặt trời. \r\nViệc theo dõi các mục tiêu được thực hiện thông qua một màn hình LCD rộng 3” độ phân giải 1.440 k-dot sẽ giúp cho việc hiển thị hình ảnh rõ ràng hơn. Phía trên là một kính ngắm điện tử 1cm. Công nghệ WhiteMagic giúp tăng độ sáng của màn hình để sử dụng tốt hơn trong điều kiện chói sáng bởi ánh sáng mặt trời. \r\nViệc theo dõi các mục tiêu được thực hiện thông qua một màn hình LCD rộng 3” độ phân giải 1.440 k-dot sẽ giúp cho việc hiển thị hình ảnh rõ ràng hơn. Phía trên là một kính ngắm điện tử 1cm. Công nghệ WhiteMagic giúp tăng độ sáng của màn hình để sử dụng tốt hơn trong điều kiện chói sáng bởi ánh sáng mặt trời. \r\nCác hiệu ứng hiệu ứng hình ảnh đặc biệt của máy ảnh Sony A6000 cho phép người dùng có những thiết lập sáng tạo hình ảnh cá nhân nhằm cho ra những hình ảnh có tính thẩm mỹ và độ phong phú cao hơn.\r\n\r\nSony Alpha A6000 có chức năng quay video HD 1080i / p được hỗ trợ ở cả 60 và 24 fps tỷ lệ khung hình có độ phân giải cao. Video full HD được ghi lại bằng cách sử dụng mã hóa AVCHD chất lượng cao, trong khi các mức quay 1440 x 1080 và 640 x 480 cũng được hỗ trợ trong các định dạng MP4.\r\n\r\nCác tính năng phổ biến khác là Wi-fi và NFC cũng được tích hợp trong máy.', 1, 12000000.000, 259000.000, 'Sony', '<ul>\r\n            <li>Cảm biến Exmor™ APS HD CMOS 24.3MP có bộ xử lý BIONZ X™</li>\r\n            <li>Độ phân giải 24.3 MP</li>\r\n            <li>Lấy nét tự động Fast Hybrid</li>\r\n<li>Khung ngắm điện tử 1,0 cm</li>\r\n\r\n          </ul>', '2020-07-03 09:12:52', 1, '2020-08-19 21:21:37', 3, 1),
(2, 7, 'Máy Ảnh Sony CyberShot DSC H300', 'sony-cybershot-dsch300', 'S2.jpg', 'Máy ảnh Sony Cybershot DSC H300 là chiếc máy ảnh du lịch được thiết kế với kiểu dáng hầm hố theo phong cách của những chiếc máy ảnh DSLR. Chiếc máy ảnh này sẽ mang lại cho bạn những trải nghiệm tuyệt vời với khả năng chụp ảnh đa dạng. Hãy để những khoảnh khắc ấn tượng nằm trong tầm tay bạn.Được thiết kế có thân máy kiểu DSLR chắc chắn, sử dụng thoải mái. Hãy trải nghiệm báng tay cầm nhỏ gọn và các chức năng kiểm soát dễ dàng và trực quan mang lại những hình ảnh ổn định mỗi lần chụp.\r\nMáy ảnh Sony Cybershot DSC H300 là chiếc máy ảnh siêu zoom sử dụng ống kính thu phóng quang học 35x cho phép bạn chụp cận cảnh với độ chính xác không có độ mờ, và zoom để chụp những bức ảnh góc rộng. Với ống kính zoom quang học 35x mạnh mẽ, mang chủ thể đến với bạn để tạo ra những bức ảnh chính xác và đẹp mắt.Bạn sẽ rất dể dàng có được những đoạn video chỉ cần một thao tác đơn giản chạm vào một nút duy nhất được thiết kế khoa học ngay trên thân máy. Chỉ cần nhấn vào nút ghi để bắt đầu quay video độ nét cao 720p ngay lập tức. Ghi ở định dạng MP4 ở tốc độ 30 khung hình mỗi giây: hoàn hảo để chỉnh sửa nhanh.\r\n Máy ảnh Sony Cybershot DSC H300 được trang bị một hệ thống chống rung giúp hạn chế nhòe mờ trong điều kiện thiếu sáng. Chống rung quang học ngăn chặn sự chuyển động để giữ cho chủ thể nằm trong vùng lấy nét. Nhờ tính năng Optical SteadyShot, những tác động làm rung máy ảnh được giảm thiểu tuyệt vời, cho ra hình ảnh không nhoè cho bạn thưởng thứcHãy chọn chiếc bao da thời trang hoặc chắc chắn, chân máy và pin mở rộng cho việc nâng cao chụp ảnh, hoặc dây kết nối đa năng cho máy ảnh của bạn. Nâng cao khả năng chụp ảnh Cyber-shot của bạn với các phụ kiện độc đáo từ Sony.  ', 1, 2000000.000, 259000.000, 'Sony', '<ul>\r\n            <li>Độ phân giải 20.1MP</li>\r\n            <li>Zoom quang 35x</li>\r\n            <li>Ống kính có dải tiêu cự lớn 4.5-157.5mm</li>\r\n<li>Quay phim HD 1.280x720px</li>\r\n\r\n          </ul>', '2020-07-03 09:12:52', 1, '2020-08-01 05:00:23', 1, 1),
(3, 7, 'Máy Ảnh Sony Cybershot DSC W830', 'sony-cyber-w830', 'S3.jpeg', 'Cảm biến Super HAD CCD với điểm ảnh thực lên đến 20.1MP cho phép ghi lại những khoảnh khắc thật chi tiết, đạt nhiễu thấp và chất lượng hình ảnh tốt nhất so với máy ảnh cùng loại.\r\nỐng kính Zeiss® Vario-Tessar® cung cấp hình ảnh vượt trội, chính xác từng chi tiết, trung thực với tương phản tuyệt vời trong khi zoom quang học 8x được kết hợp với ổn định hình ảnh quang học Optical SteadyShot (chế độ Active) để giúp máy ảnh ghi lại hình ảnh và phim thật sắc nét thậm chí là từ khoảng cách xa.Giờ đây bạn có thể dễ dàng ghi lại những đoạn phim sắc nét và sống động để sau đó xem lại chúng trên máy tính hoặc tải lên mạng mà không ảnh hưởng chất lượng hình ảnh.Ngoài khả năng cho ảnh tĩnh tuyệt đẹp, bạn cũng có thể ghi lại những đoạn phim chất lượng cao bằng chuẩn hình ảnh HD. Nhờ tính năng ổn định hình ảnh quang học Optical SteadyShot (chế độ Active), hiệu quả rung lắc máy ảnh được giảm thiểu tối ưu, mang đến những đoạn phim không nhoè tuyệt đẹp cho bạn thưởng thức.', 1, 10000000.000, 259000.000, 'Sony', '<ul>\r\n            <li>Cảm biến hình ảnh CCD 1/ 2.3 inch </li>\r\n            <li>Độ phân giải : 20.1 Megapixel</li>\r\n            <li>Zoom quang học 8x</li>\r\n            <li>Độ nhạy sáng ISO 100-3200</li>\r\n          </ul>\r\n', '2020-07-03 09:12:52', 1, '2020-07-03 09:12:52', 1, 1),
(4, 7, 'Máy Ảnh Sony Alpha A6400 KIT 16-50 F3.5-5.6 OSS ', 'may-anh-sony-a6400', 'S4.jpg', 'Sony vừa giới thiệu chiếc máy ảnh mirrorless mới nhất của họ là a6400. Chiếc máy ảnh này sở hữu nhiều tính năng và thông số cực kì ấn tượng, bao gồm lấy nét theo mắt và theo dõi thời gian thực cùng hệ thống tự động lấy nét nhanh nhất thế giới. Mẫu máy ảnh mirroless nhỏ gọn hướng trực tiếp đến đối tượng người dùng nhiếp ảnh du lịch, sáng tạo nội dung và vlogger.\r\n\r\nChiếc máy ảnh Sony a6400 với thiết kế không quá khác biệt nhiều so với các phiên bản tiền nhiệm trước đó, là một chiếc máy ảnh không gương lật nhỏ gọn, giúp bạn dễ dàng mang theo và tác nghiệp mọi lúc mọi nơi. Sony a6400 được trang bị cảm biến APSC-Exmor CMOS độ phân giải 24.2MP kết hợp với bộ xử lý hình ảnh Bionz X độc quyền của Sony.\r\n\r\nĐiểm mạnh mẽ nhất của a6400 nằm ở khả năng lấy nét. Với 425 điểm lấy nét theo cả pha và tương phản, độ phủ 84% bức hình, Sony cho biết hệ thống này có khả năng \"bắt nét\" đối tượng chỉ trong 0,02 giây và giữ vị trí nhanh nhất thế giới hiện nay.\r\n\r\nBên cạnh đó, 2 tính năng mới được giới thiệu trên a6400 đó chính là \"Real-time Eye AF\" và \"Real-time Tracking\". Real-time Eye AF là phiên bản nâng cấp mới nhất của công nghệ Sony Eye AF - sử dụng hệ thống nhận dạng chủ thể dựa trên AI để nhận dạng và theo dõi mắt, nhằm cải thiện tốc độ, độ chính xác và hiệu năng hoạt động. Còn Real-time Tracking là một tính năng theo dõi đối tượng mới, nhằm đảm bảo cho những vật thể di chuyển khó đoán nhất vẫn có thể nằm trong khu vực nét.\r\nTính năng lấy nét liên tục khi quay phim (Movie AF tracking) cũng được cải tiến. Giống như thế hệ a6300, khả năng quay video 4K trên a6400 tiếp tục được nâng cấp và cho phép sử dụng toàn bộ cảm biến khi quay 4K, không bị crop như các máy mirrorless của Canon.\r\n\r\nCuối cùng, máy hỗ trợ bộ mã màu S-Log2 và S-Log3 tối ưu hóa cho việc quay video. Sony a6400 có khả năng ghi lại các đoạn phim độ phân giải lên đến 4K với số fps tùy chọn giữa 24 hoặc 30. Để hỗ trợ tốt hơn cho người dùng, viewfinder của máy là loại màn hình cảm ứng có thể xoay lật 180 độ, từ đó việc quay video hoặc selfie tự sướng sẽ trở nên dễ dàng hơn, đặc biệt đối với một số công việc đặc thù như: người sáng tạo nội dung hoặc làm Vlog cá nhân. \r\n\r\nSony E PZ 16-50mm f/3.5-5.6 OSS có độ dài tiêu cự tương đương 24-75mm theo định dạng 35mm, ngàm E tương thích với máy ảnh mirrorless APS-C Sony. Tích hợp hệ thống ổn định hình ảnh quang học SteadyShot 4 stop giúp giảm xóc máy và mang lại hình ảnh sắc nét khi chụp hay quay phim cầm máy, đặc biệt theo dõi đối tượng đang chuyển động hoặc chụp ảnh trong điều kiện thiếu sáng. Thiết kế gồm 4 thấu kính phi cầu và 1 thấu kính ED giúp giảm thiểu đáng kể quang sai sắc và méo ảnh cho ảnh sắc nét, giàu tương phản. Ống kính sử dụng cơ chế zoom điện tử thuận tiện cho người dùng thao tác và kiểm soát vị trí cần zoom và lấy nét.', 1, 18000000.000, 259000.000, 'Sony', '<ul>\r\n\r\n<li>Màn hình cảm ứng, lật 180° 3.0\" 921.6k-Dot</li>\r\n<li>Quay video UHD 4K nội bộ, S-Log3, HLG</li>\r\n<li>Hệ thống AF nhận diện pha và tương phản 425 điểm</li>\r\n<li>Real-Time Eye AF; Real-Time Tracking<li>\r\n\r\n</ul>\r\n', '2020-07-03 09:12:52', 1, '2020-07-03 09:12:52', 1, 1),
(5, 7, 'Máy Ảnh Sony CyberShot DSC WX350', 'sony-cybershot-DSCWX350', 'S5.jpg', 'Máy Ảnh Sony CyberShot DSC WX350 là chiếc máy ảnh nhỏ gọn được trang bị với một khả năng đáng kinh ngạc, chiếc máy ảnh đáp ứng được những yêu cầu cho một chuyến đi du lịch hay đơn giản là những khoảnh khắc hàng ngày.\r\nVới thiết kế nhỏ gọn của một chiếc máy ảnh du lịch, nhưng không kém phần tinh tế, sắc cạnh. Các nút chức năng được sắp xếp một cách khoa học và dể dàng thao tác cho người sử dụng.\r\nVới cảm biến Exmor R™ CMOS, giờ đây bạn có thể đạt được hình ảnh độ nét cao mà không bị nhiễu trong bất kỳ điều kiện ánh sáng nào. Máy ảnh được trang bị bộ xử lý hình ảnh mới BIONZ X™ tốc độ cao để mang đến hình ảnh sống động hơn và như thật bằng độ phân giải cao.\r\nXem ảnh ngay lập tức trên màn hình LCD 3 inch gắn liền, với năm bước kiểm soát độ sáng giúp dể dàng quan sát cũng như xem lại hình ảnh một cách chi tiết và sống động về màu sắc.\r\nMáy Ảnh Sony CyberShot DSC WX350 được trang bị ống kính Sony G zoom quang học 20x của chiếc WX350 có khẩu độ f/3.5 - 6.5. Ống kính này có độ dài tiêu cự 24-1200mm với chế độ 4:3, khả năng zoom khá ấn tượng đối với một chiếc máy ảnh nhỏ đến vậy. Tính năng chống rung hình ảnh quang học Optical SteadyShot giúp bạn có thể chụp ảnh không bị mờ trong điều kiện chụp thiếu sáng với tốc độ màn trập thấp hoặc khi bạn chụp ảnh với mức zoom cao nhất.\r\n', 1, 8000000.000, 259000.000, 'Sony', '<ul>\r\n<li>Cảm biến Exmor R CMOS loại 1/2,3</li>\r\n<li>Độ phân giải 18 Megapixel</li>\r\n<li>Zoom quang học 20x</li>\r\n<li>Tốc độ chụp liên tiếp 10 ảnh/giây</li>\r\n</ul>\r\n\r\n', '2020-07-03 09:13:09', 1, '2020-07-03 09:13:09', 1, 1),
(6, 7, 'MÁY ẢNH SONY ALPHA A6000 KIT E PZ 16-50MM', 'sony-a6000-bac', 'S6.jpg', 'Chỉ một lần sạc đầy pin là bạn đã có thể chụp được hơn 600 tấm ảnh với máy ảnh Sony Alpha A6000. Và còn gì nữa? Đó là khả năng lấy nét cực nhanh ở 0.06s có thể khiến bạn phải kinh ngạc. Máy được trang bị bộ cảm biến Exmor APS HD CMOS 24.3MP APS-C và bộ xử lý hình ảnh BIONZ X có độ phân giải cao rất có lợi để chụp những ảnh khổ lớn chuyên dụng cho thiết kế hay những chi tiết dù nhỏ nhất cũng sẽ được ghi lại qua từng điểm ảnh một các rõ nét nhất. Các chip trên ống kính lấp đầy những khoảng trống giữa các điểm ảnh lân cận nhằm phù hợp với khả năng tập trung ánh sáng và độ sắc nét.\r\nThời gian lấy nét được cải thiện với hệ thống lấy nét tự động thông minh Fast Hybrid AF với 179 điểm lấy nét tự động trong đó có 25 điểm lấy nét tương phản tự động phát hiện và tập trung chính xác các game màu trong ít nhất là 0.06 giây. Hệ thống đầu tiên sử dụng các điểm phát hiện AF để nhanh chóng đưa đối tượng vào tầm thiết lập và sau đó sử dụng các điểm AF tương phản, với vùng phủ sóng rộng AF, để tinh chỉnh độ sắc nét một cách chính xác nhất. \r\nKhóa-on AF là một chế độ dành riêng để sử dụng đối với các mục tiêu di chuyển nhiều. Nó sẽ tự điều chỉnh kích thước khung ảnh theo đúng bước di chuyển của mục tiêu xác định. Ngoải ra, hệ thống lấy nét bằng tay cũng được trang bị tăng cường để hỗ trợ tối đa cho người sử dụng.\r\nViệc theo dõi các mục tiêu được thực hiện thông qua một màn hình LCD rộng 3” độ phân giải 1.440 k-dot sẽ giúp cho việc hiển thị hình ảnh rõ ràng hơn. Phía trên là một kính ngắm điện tử 1cm. Công nghệ WhiteMagic giúp tăng độ sáng của màn hình để sử dụng tốt hơn trong điều kiện chói sáng bởi ánh sáng mặt trời. Một cửa sổ pop-up flash tích hợp, có một số hướng dẫn sử dụng ở ISO 100 để làm việc trong điều kiện ánh sáng khó khăn. Dải ISO 100-25600 được sử dụng để làm tăng độ nét và sự hài hòa cũng như đem lại những game màu chân thực nhất ngay cả khi chụp trong điều kiện thiếu sáng nhất.', 1, 12000000.000, 259000.000, 'Sony', '- Cảm biến Exmor™ APS HD CMOS 24.3MP có bộ xử lý BIONZ X™\r\n- Độ phân giải 24.3 MP\r\n- Lấy nét tự động Fast Hybrid\r\n- Khung ngắm điện tử 1,0 cm\r\n- Màn hình 3 inch\r\n- ISO 100-25600\r\n- Tốc độ chụp 11 ảnh / giây\r\n- Chia sẻ và kiểm soát đơn giản cùng Wi-Fi® và ', '2020-07-03 09:13:09', 1, '2020-07-03 09:13:09', 1, 1),
(7, 7, ' Máy Ảnh Sony Alpha A7 M2', 'sony-a7m2', 'S10.jpg', 'Mặt trước đã được làm hoàn toàn từ kim loại và ngàm máy ảnh cũng chắc hơn. Phần báng tay cầm cũng làm lớn hơn để dễ cầm nắm. Khung máy của A7 M2 vẫn dựa trên kiểu dáng của A7 tuy nhiên lớp vỏ ngoài đã được làm bằng chất liệu tốt hơn so với người tiền nhiệm. Khả năng chống bám vân tay và chịu mưa được cải thiện, bổ sung thêm một số bộ phận làm từ hợp kim magnesium hơn.\r\n\r\nViệc thao tác sẽ nhanh hơn với sự cải tiến hệ thống điều khiển của máy. A7 M2 có thêm được 1 nút Custom Function (C2) nâng tổng số nút tuỳ chỉnh lên thành 4 nút nhờ đưa nút chụp hình về phần báng tay cầm. Điều này khác hoàn toàn so với các phiên bản trước như A7/A7R/A7S thì nút chụp lại ở cạnh trên. Và nhờ tăng hơn 1 cm bề dày nên máy có tay cầm sâu hơn, giúp người chụp dễ cầm nắm, tự tin hơn khi gắn các ống kính lớn.Máy sở hữu bộ cảm biến Exmor CMOS full-frame với số điểm ảnh hiệu dụng là 24.3 MP nên chất lượng ảnh là tốt nhất với những ai muốn in ảnh khổ lớn. Ngoài ra, fullframe 117 điểm là sức mạnh đưa lại sự sắc nét cho các chi tiết trong từng điểm ảnh.\r\n\r\nNgoài ra, Sony Alpha A7 M2 còn được cải thiện đến 30% tốc độ bắt nét và 50% tốc độ tracking. Đây chính là ưu thế vượt trội của A7M2 với những ai chuyên chụp thể loại chuyển động nhanh.\r\n\r\nNhưng nổi bật nhất của sự cải tiến chính là công nghệ chống rung 5 trục hoàn toàn mới trên thân máy. Công nghệ này đem lại cho người dùng khả năng bù tối đa 4 đến 5-stops, hỗ trợ việc chụp ảnh “cầm tay” ở tốc độ thấp. Khi bấm nửa nút chụp ảnh và kích hoạt chống rung SteadyShot, cảm biến sẽ rung lắc khi người dùng dịch chuyển máy ảnh.Hãng Sony cũng đã  Sony đem tính năng Picture Profile (PP) mở rộng từ chiếc A7S vào trong A7 M2. Bạn có thể thiết lập rất nhiều các tuỳ chỉnh màu sắc, sắc thái của hình ảnh và video. Trong đó bao gồm khả năng thiết lập S-log2 profile (một tuỳ chỉnh màu trên máy quay phim chuyên nghiệp của Sony), và xuất tín hiệu 4:2:2 8-bit thô (RAW) qua cổng HDMI.\r\n\r\n', 1, 28000000.000, 259000.000, 'Sony', '<ul>\r\n<li>Bộ cảm biến Exmor CMOS 24.3-megapixel full-frame</li>\r\n<li>Khung ngắm điện tử </li>\r\n<li>Màn hình 3.0inch </li>\r\n<li>Ổn định hình ảnh 5 trục</li>\r\n</ul>', '2020-07-03 09:13:09', 1, '2020-07-03 09:13:09', 1, 1),
(8, 7, 'Máy Ảnh Sony RX0 Mark II', 'sony-rx0-mark2', 'S12.jpg', '<p>Sony RX0 Mark II sẽ là thiết bị lý tưởng dành cho các vlogger hoặc đơn giản là những ai muốn có một chiếc máy ảnh nhỏ có thể bỏ trong túi, nhưng vẫn có thể quay các vlog chất lượng cao bất kỳ lúc nào. RX0 Mark II có khả năng ghi lại những bức ảnh mãn nhãn kể cả trong điều kiện thiếu sáng, với cảm biến 1 inch mạnh mã và ống kính ZEISS® Tessar T* có độ méo ảnh thấp, đồng thời cho phép bạn chia sẻ hình ảnh dễ dàng với smartphone của mình. RX0 II đồng thời trang bị khả năng quay video 4K nội bộ, ổn định hình ảnh ấn tượng, khoảng cách lấy nét tối thiểu được cải thiện chỉ 20cm và màn hình LCD lật dến 180°.</p>\r\n<p>Với cùng ngôn ngữ thiết kế cũ, ngoại hình không khác gì chiếc RX0 ngoài việc được trang bị thêm khả năng lật 180° tiện dụng của màn hình LCD 1.5″ 230k điểm ảnh mà vẫn không ảnh hưởng tới khả năng chống nước, bụi bẩn, chống sốc và va đập như người anh RX0.</p>\r\n\r\n<p>Sony Cyber-shot DSC-RX0 II được trang bị với cảm biến ảnh lớn 1\" Exmor RS Stacked CMOS độ phân giải 15.3MP kết hợp cùng với bộ xử lý hình ảnh BIONZ X mới giúp máy có thể thể hiện được các màu sắc tốt hơn, nhất là cho tone màu da đẹp và tự nhiên hơn. Cũng như người anh RX0, RX0 II có thể chụp liên tục tốc độ cao với 16fps ở định dạng RAW.</p>\r\n\r\n<p>Về ống kính, Sony vẫn giữ nguyên ống ZEISS Tessar T* với tiêu cự tương đương với 24mm trên fullframe, khẩu độ mở f/4.0 cho khả năng thu sáng và thu được nhiều chi tiết nhất trong một khung hình. Với khả năng lấy nét gần nhất chỏi 20cm giúp người dùng thuận tiện hơn trong các hoàn cảnh chụp cận cảnh hay selfie hoặc quay vlog. Nếu thường xuyên phải quay trong điều kiện thiếu sáng, chiếc máy này cũng hỗ trợ dải ISO cao từ 80 đến 12800.</p>\r\n<h3>Thông Số Kỹ Thuật</h3>\r\n<ul>\r\n<li>ảm biến ảnh 1\" Exmor RS Stacked CMOS 15.3MP</li>\r\n<li>Ống kính ZEISS Tessar T* 24mm f/4 tương đương trên 35mm</li>\r\n<li>hụp tốc độ cao 16fps; Tốc độ màn trập nhanh nhất 1/32000s</li>\r\n<li>Khả năng quay video UHD 4K30 & S-Log2 Gamma</li>\r\n<li>Chế độ quay slowmotion 960 fps HFR Mode ở độ phân giải Full HD</li>\r\n<li> Màn hình LCD 1.5″ 230k điểm ảnh có thể lật 180°</li>\r\n<li>Khả năng chống nước, bụi, chống sốc và Water, Dust, Shock, and Crushproof</li>\r\n<li>Chống rung điện tử SteadyShot; Clean HDMI Output</li>\r\n</ul>', 1, 8500000.000, 259000.000, 'Sony', '<ul>\r\n<li>Cảm biến ảnh 1\" Exmor RS Stacked CMOS 15.3MP</li>\r\n<li>Ống kính ZEISS Tessar T* 24mm f/4 tương đương trên 35mm</li>\r\n<li>Quay video: UHD 4K30 & S-Log2 Gamma</li>\r\n<li> Màn hình: LCD 1.5inch 230k điểm ảnh có thể lật 180°</li>\r\n</ul>', '2020-07-03 09:13:09', 1, '2020-07-03 09:13:09', 1, 1),
(9, 7, 'Máy Ảnh Sony RX10 IV', 'sony-rx10-IV', 'S13.jpg', '<p>Nếu đang tìm kiếm một chiếc máy ảnh du lịch kiểu “all in one – một trong tất cả” thì Máy ảnh Sony RX10 IV sẽ là sự lựa chọn lý tưởng bởi các tính năng siêu việt đi kèm ống kính Carl Zeiss xuất sắc.</p>\r\n<h3>Nhỏ gọn hết mức</h3>\r\n<p>Có thể thấy rằng, phiên bản thứ tư của dòng RX10 vẫn được Sony thiết kế theo kiểu DSLR giống các đàn anh. Tuy nhiên, cảm biến 1inch cho phép thu gọn kích thước của máy tới mức trông nó không khác gì các mirrorless nhỏ gọn khác. Do đó,bạn có thể mang theo cả ngày dài mà không cảm thấy khó chịu.</p>\r\n<h3>Cảm biến hiện đại chụp 24 ảnh/giây</h3>\r\n<p>Bên trong máy ảnh Sony RX10 IV là cảm biến hình ảnh Exmor RS CMOS độ phân giải 20.1 MP và bộ xử lý hình ảnh BIONZ X đủ tạo ra những hình ảnh sắc nét vô cùng thu hút. Thêm vào đó, bộ xử lý kết hợp với bộ đệm hình ảnh có thể chụp được 249 ảnh ở tốc độ chụp liên tục 24 ảnh/giây. Điều này cực kỳ hữu hiệu giúp bạn không bỏ lỡ bất cứ một khoảng khắc nào.</p>\r\n<h3>Lấy nét nhanh nhạy</h3>\r\n<p>Nhằm tăng cường sức mạnh lấy nét, hệ thống AF gồm 315 điểm được cải tiến cho phù hợp với những mục đích chuyên nghiệp hơn. Các điểm lấy nét bao phủ 65% khung hình và chế độ phát hiện đối tượng nhanh chóng với tính năng tự phán đoán các hoạt động bất ngờ của đối tượng. Nó cho phép bạn có thể chụp ảnh thể thao và chim thú ngang ngửa với các DSRL cao cấp hơn./p>\r\n<h3>Màn hình cảm ứng 3 inch lật nghiên</h3>\r\n<p>Mặt sau của máy có màn hình cảm ứng LCD 3 inch 1440k điểm ảnh mang công nghệ WhiteMagic cho phép quan sát hình ảnh rõ nét ngay cả trong điều kiện nắng gắt mà không bị chói lóa và có thể lật nghiên. Người dùng có thể chạm lấy nét bởi tính năng Touch Focus để thao tác nhanh hơn. Phía trên màn hình là kính nắng điện tử Tru-Finder OLED 2350 k điểm ảnh.</p>\r\n<h3>Quay phim 4K</h3>\r\n<p>Nhằm cạnh tranh tốt hơn với các đối thủ và chinh phục người dùng, máy ảnh Sony RX10 IV được trang bị tính năng quay phim 4K 30p và Full HD 120p sẽ giúp bạn tạo ra những đoạn video vô cùng chất lượng trên mỗi cung đường du lịch. Nếu muốn, bạn có thể mở tính năng quay slow motion mức 960p.</p>', 1, 9500000.000, 259000.000, 'Sony', '<ul>\r\n<li>Cảm biến CMOS BSI Exmor R Stacked 20.1MP</li>\r\n<li>Bộ xử lý hình ảnh BIONZ X™ </li>\r\n<li>Tốc độ lấy nét tự động nhanh nhất thế giới  0,03 giây </li>\r\n<li>Ống kính: ZEISS Vario-Sonnar T* 8,8-220mm (24-600mm) f/2.4-4</li>\r\n</ul>\r\n', '2020-07-03 09:13:09', 1, '2020-07-03 09:13:09', 1, 1),
(10, 7, 'Máy ảnh Sony A7R Mark III', 'sony-a7rmark3', 'S8.jpg', 'Tiếp nối sự thành công của dòng A7 mà chiếc A7 Mark II đã tạo ra cách đây 4 năm, máy ảnh Sony A7 Mark III là một sự <p>cải tiến khá mạnh, giúp Sony một lần nữa có thể cạnh tranh cùng các đối thủ sòng phẳng </p>\r\n<p>\r\nMột ưu điểm không thể bàn cãi của dòng Mirrorless đó là sự gọn nhẹ. Chiếc A7 Mark III vẫn mang dáng dấp gọn nhẹ của dòng A7 quen thuộc với người dùng. Trọng lượng của máy chỉ ở mức 650g, một con số khá là khiêm tốn so với các model DSLR cùng phân khúc. Điều này khá thích hợp cho những người thích một sản phẩm chất lượng cao cấp Full-frame nhưng không muốn phải mang vác nhiều. Bên cạnh đó, phần báng tay cầm lại khá lớn tạo sự cầm nắm chắc chắn không hề thua kém DSLR.\r\n</p>\r\n<p>\r\nVà mặc dù nhỏ gọn, máy vẫn có tính năng chống chịu thời tiết với bộ khung bằng hợp kim bền bỉ. các khớp nối được che chắn cẩn thận giúp chống ẩm và bụi, khiến việc chụp ảnh diễn ra thuận lợi ở mọi điều kiện thời tiết.\r\n</p>\r\n<p>Sony đã trang bị cho sản phẩm mới nhất của mình cảm biến 24MP mới hoàn toàn với bộ xử lý ảnh BIONZ X quen thuộc. Bên cạnh đó, thêm một chip ngoại vi front-end LSI tăng khả năng đọc/ghi dữ liệu lớn. Việc khử nhiễu được đảm nhận bởi dải ISO rộng 100 – 51.200 và còn có thể mở rộng lên tới 204.800. Vì thế, ở cả môi trường đủ sáng và thiếu sáng việc chụp ảnh không còn khiến bạn phải lo lắng về vấn đề nhiễu hạt.Nhưng đặc biệt nhất ở cảm biến mới lần này chính là dải tương phản động Dynamic Range được nâng lên tới 15 stop. Điều này giúp cho khả năng thể hiện chi tiết và màu sắc được nâng cấp lên tới mức cao hơn khá nhiều, các dải màu có độ tương phản và nổi khối rõ mắt.</p>\r\n<p>Chiếc máy ảnh Sony A7 Mark III này cũng đã làm thay đổi quan niệm về việc mirrorless lấy nét chậm khi được trang bị một hệ thống lấy nét khá là bá đạo. Nếu chiếc A7R Mark III ra mắt cuối năm 2017 với 399 điểm thì A7 Mark III lại có tới 693 điểm theo pha bao phủ toàn bộ khung hình. Trong đó, có tới 425 điểm lấy nét tương phản đi kèm chế độ 4D Focus khiến cho các đối tượng di chuyển cực nhanh cũng bị khóa nét dễ dàng. Như vậy là nếu những ai không đủ khả năng sắm A9 để chụp thể thao vẫn có thể dùng máy này như một sự thay thế ở mức chấp nhận được.</p>\r\n<p>Máy sử dụng màn hình LCD cảm ứng 921k điểm ảnh và có khả năng xoay lật đa chiều. Nếu bạn muốn lấy ảnh trong các góc khó cũng không thành vấn đề. Bạn cũng có thể chọn điểm lấy nét hay thay đổi các thông số nhanh chóng bằng chạm cảm ứng cực dễ dàng.\r\n\r\nBên cạnh đó, ống nhắm EVF có độ trễ cực thấp với công nghệ OLED và lớp phủ ZEISS T* mang lại cái nhìn rõ rệt cho việc quan sát bởi độ phóng đại 0.78x và độ phân giải tới 2.359k điểm ảnh.</p>\r\n<p>Thuộc phân khúc cao cấp nên máy ảnh Sony A7 Mark III được trang bị tính năng quay phim 4K các mốc 30p/25p/24p khá thời thượng. Việc ISO mở rộng cao 204.800 có thể giúp tạo ra những bộ phim trong điều kiện thiếu sáng có chi tiết tốt, hình ảnh mượt mà như những gì mà đàn anh A7S đã từng gây sốt trên toàn thế giới. \r\n\r\nVới những ai muốn quay phim Full HD thì mức 120p(100Mbps), 60p(50Mbps) quá đủ để làm thỏa mãn về chất lượng.\r\n\r\nChưa hết, cũng như các sản phẩm mới gần đây, sức mạnh quay phim một lần nữa được đảm bảo bằng các chế độ Hybrid Log-Gamma (HDR), S-Log2, S-Log3... đủ để giúp máy cạnh tranh được với các máy quay chuyên nghiệp có hình ảnh HDR sống động và việc hậu kỳ cũng chuyên nghiệp hơn.</p>', 1, 38000000.000, 259000.000, 'Sony', '<ul>\r\n<li> Ngàm ống kính: E-mount, tương thích FE, E-mount</li>\r\n<li>Cảm biến: BSI-CMOS Exmor R 24.2 MP</li>\r\n<li>Bộ xử lý: BIONZ X, chip ngoại vi front-end LSI, bộ chuyển A/D: 14-bit</li>\r\n<li>Chống rung 5 trục trên hệ thống cảm biến</li>\r\n</ul>', '2020-07-03 09:13:09', 1, '2020-07-03 09:13:09', 1, 1),
(11, 7, 'Máy Ảnh Sony Alpha A7M3K', 'sony-a7rmark3k', 'S9.jpg', '<p>Sony A7M3K được đánh giá cao nhờ thiết kế cảm biến Exmor R (BSI-CMOS) độ phân giải 24.2 MP, bộ xử lý hình ảnh BIONZ X để đạt tốc độ chụp liên tục 10 khung hình / giây kết hợp cùng chip ngoại vi front-end LSI tăng khả năng đọc/ghi dữ liệu lớn. ISO hữu dụng mở rộng lên 51.200 so với thế hệ trước và có thể lên đến 204.800, dải dynamic range lên 15-stop. Hệ thống Hybrid AF nhanh chóng, phạm vi ISO 100-51.200, mà có thể tiếp tục được mở rộng đến ISO 50-204.800. Khả năng quay video cũng đã được mở rộng để nâng cao chất lượng khi ghi hình UHD 4K, đồng thời chiếc máy ảnh này cũng sử dụng bộ ổn định hình ảnh SteadyShot INSIDE 5 trục.</p>\r\n<h3>Thân máy chắc chắn</h3>\r\n<p>Thân máy ảnh nhẹ và nhỏ gọn, thiết kế chắc chắn nhờ bộ vỏ máy và kết cấu bên trong từ chất liệu cao cấp, giúp sản phẩm có trọng lượng nhẹ, bền và tuổi thọ cao.</p>\r\n<h3>Độ phân giải cao</h3>\r\n<p>Máy ảnh Sony với dải ISO chuẩn, mở rộng tái tạo chi tiết và giảm nhiễu giúp duy trì chi tiết ảnh giúp hình ảnh đạt đến độ chi tiết và chân thật cao. Hiển thị chủ thể tự nhiên, chân thật, giống như màu sắc thực tế cho bất cứ hoàn cảnh đặc biệt nào.</p>\r\n<h3>Hiệu năng hoạt động cao</h3>\r\n<p>Sony Alpha ILCE-7M3K phiên bản mới có độ phân giải 24,2 megapixel kết hợp với bộ xử lý hình ảnh ngoại vi mới nhất, mang đến tốc độ xuất dữ liệu nhanh gấp hai lần so với bình thường.</p>\r\n<h3>Màn hình 3.0 inch</h3>\r\n<p>Máy ảnh Sony Alpha ILCE-7M3K được trang bị màn hình 3.0 inch giúp bạn có thể quan sát chi tiết hình ảnh dễ dàng hơn.</p>\r\n\r\n', 1, 39000000.000, 259000.000, 'Sony', '<ul>\r\n<li>Bộ cảm biến CMOS Full-Frame 24MP Exmor R BSI</li>\r\n<li>Bộ xử lý hình ảnh BIONZ X & LSI</li>\r\n<li>Hệ thống AF 693 điểm & Chụp 10 khung hình / giây</li>\r\n<li>Video UHD 4K30p với HLG & S-Log3 Gammas</li>\r\n</ul>', '2020-07-03 09:13:09', 1, '2020-07-03 09:13:09', 1, 1),
(12, 11, 'Máy Quay Phim Sony HDR-CX405', 'may-quay-sonyHDR-CX405', 'QS1.jpg', 'Chi tiết sản phẩm', 1, 300000000.000, 259000.000, 'Từ khóa SEO', 'Mô tả SEO', '2020-07-03 09:13:09', 1, '2020-07-03 09:13:09', 1, 1),
(13, 11, 'Máy Quay Sony Handycam HDR-PJ675', 'may-quay-sony-handycam', 'QS2.jpg', 'Chi tiết sản phẩm', 1, 240000000.000, 259000.000, 'Từ khóa SEO', 'Mô tả SEO', '2020-07-03 09:13:09', 1, '2020-07-03 09:13:09', 1, 1),
(14, 11, 'Máy Quay Phim Sony HDR-PJ440', 'may-quay-sony-handycam-pj440', 'QS3.jpg', 'Chi tiết sản phẩm', 1, 360000000.000, 259000.000, 'Từ khóa SEO', 'Mô tả SEO', '2020-07-03 09:13:09', 1, '2020-07-03 09:13:09', 1, 1),
(15, 11, 'Máy Quay Sony Handycam FDR-AX40(4K)', 'may-quay-sony-handycam-fdr-ax40(4k)', 'QS4.jpg', 'Chi tiết sản phẩm', 1, 95600000.000, 259000.000, 'Từ khóa SEO', 'Mô tả SEO', '2020-07-03 09:13:09', 1, '2020-07-03 09:13:09', 1, 1),
(16, 11, 'Máy Quay Sony Handycam FDR-AXP55 4K', 'may-quay-sony-handycam-fdr-ax55(4k)', 'QS5.jpg', 'Chi tiết sản phẩm', 1, 75000000.000, 259000.000, 'Từ khóa SEO', 'Mô tả SEO', '2020-07-03 09:13:09', 1, '2020-07-03 09:13:09', 1, 1),
(17, 11, 'Máy Quay Sony Action Cam FDR-X3000R', 'may-quay-sony-action-fdr-x3000r', 'QS6.jpg', 'Chi tiết sản phẩm', 1, 35000000.000, 259000.000, 'Từ khóa SEO', 'Mô tả SEO', '2020-07-03 09:13:09', 1, '2020-07-03 09:13:09', 1, 1),
(18, 11, 'Máy Quay Sony 4K HDR FDR-AX700', 'may-quay-sony-hdr-ax700', 'QS7.jpg', 'Chi tiết sản phẩm', 1, 100000000.000, 259000.000, 'Từ khóa SEO', 'Mô tả SEO', '2020-07-03 09:13:09', 1, '2020-07-03 09:13:09', 1, 1),
(19, 11, 'Máy Quay Sony HXR-NX100', 'may-quay-sony-hdr-nx100', 'QS8.jpg', 'Chi tiết sản phẩm', 1, 320000000.000, 259000.000, 'Từ khóa SEO', 'Mô tả SEO', '2020-07-03 09:13:09', 1, '2020-07-03 09:13:09', 1, 1),
(20, 14, 'Thẻ Nhớ SDHC SanDisk 16GB Class 4', 'the-nho-16gb-class4', 'TN1.jpg', 'Chi tiết sản phẩm', 1, 300000.000, 259000.000, 'Từ khóa SEO', 'Mô tả SEO', '2020-07-03 09:13:09', 1, '2020-07-03 09:13:09', 1, 1),
(21, 14, 'Thẻ Nhớ SDHC SanDisk Ultra 16GB 48MB/s', 'the-nho-16gb-48mb/s', 'TN2.jpg', 'Chi tiết sản phẩm', 1, 299000.000, 259000.000, 'Từ khóa SEO', 'Mô tả SEO', '2020-07-03 09:13:09', 1, '2020-07-03 09:13:09', 1, 1),
(22, 14, 'Thẻ Nhớ SDHC SanDisk Ultra 16GB 48MB/s', 'the-nho-16gb-48mb/s', 'TN3.jpg', 'Chi tiết sản phẩm', 1, 599000.000, 259000.000, 'Từ khóa SEO', 'Mô tả SEO', '2020-07-03 09:13:09', 1, '2020-07-03 09:13:09', 1, 1),
(23, 14, 'Thẻ Nhớ SDHC SanDisk Ultra 16GB 48MB/s', 'the-nho-16gb-48mb/s', 'TN4.jpg', 'Chi tiết sản phẩm', 1, 150000.000, 259000.000, 'Từ khóa SEO', 'Mô tả SEO', '2020-07-03 09:13:09', 1, '2020-07-03 09:13:09', 1, 1),
(24, 14, 'Thẻ Nhớ SDHC SanDisk Ultra 16GB 48MB/s', 'the-nho-16gb-48mb/s', 'TN5.jpg', 'Chi tiết sản phẩm', 1, 180000.000, 259000.000, 'Từ khóa SEO', 'Mô tả SEO', '2020-07-03 09:13:09', 1, '2020-07-03 09:13:09', 1, 1),
(25, 14, 'Thẻ Nhớ SDHC SanDisk Ultra 16GB 48MB/s', 'the-nho-16gb-48mb/s', 'TN6.jpg', 'Chi tiết sản phẩm', 1, 250000.000, 259000.000, 'Từ khóa SEO', 'Mô tả SEO', '2020-07-03 09:13:09', 1, '2020-07-03 09:13:09', 1, 1),
(26, 14, 'Thẻ Nhớ SDHC SanDisk Ultra 16GB 48MB/s', 'the-nho-16gb-48mb/s', 'TN7.jpg', 'Chi tiết sản phẩm', 1, 140000.000, 259000.000, 'Từ khóa SEO', 'Mô tả SEO', '2020-07-03 09:13:09', 1, '2020-07-03 09:13:09', 1, 1),
(27, 14, 'Thẻ Nhớ SDHC SanDisk Ultra 16GB 48MB/s', 'the-nho-16gb-48mb/s', 'TN8.jpg', 'Chi tiết sản phẩm', 1, 360000.000, 259000.000, 'Từ khóa SEO', 'Mô tả SEO', '2020-07-03 09:13:09', 1, '2020-07-03 09:13:09', 1, 1),
(28, 5, 'Ống Kính Sony E PZ 18-105mm f/4 G OSS', 'ok1', 'OKS1.jpg', '- Dung lượng: 512 GB\r\n', 1, 259000.000, 259000.000, 'Sony', 'Mô tả SEO', '2020-07-03 09:13:09', 1, '2020-07-03 09:13:09', 1, 1),
(29, 5, ' Ống Kính Sony SEL 50mm F1.8', 'ok1', 'OKS2.jpg', 'Chi tiết sản phẩm', 1, 259000.000, 259000.000, 'Từ khóa SEO', 'Mô tả SEO', '2020-07-03 09:13:09', 1, '2020-07-03 09:13:09', 1, 1),
(30, 5, 'Ống Kính Sony SEL 50mm F/1.8 Full frame', 'ok1', 'OKS3.jpg', 'Chi tiết sản phẩm', 1, 5000000.000, 259000.000, 'Từ khóa SEO', 'Mô tả SEO', '2020-07-03 09:13:09', 1, '2020-07-03 09:13:09', 1, 1),
(31, 5, 'Ống Kính Sony SEL 35mm F1.8', 'ok1', 'OKS4.jpg', 'Chi tiết sản phẩm', 1, 5000000.000, 259000.000, 'Từ khóa SEO', 'Mô tả SEO', '2020-07-03 09:13:09', 1, '2020-07-03 09:13:09', 1, 1),
(32, 1, 'Máy Ảnh Sony Alpha A7M3K', 'sony-a7rmark3k', 'S10.jpg', 'Chi tiết sản phẩm', 1, 8000000.000, 259000.000, 'Từ khóa SEO', 'Mô tả SEO', '2020-07-03 09:13:09', 1, '2020-07-03 09:13:09', 1, 1),
(33, 5, 'Ống Kính Canon EF 50mm F1.8 STM', 'ok1', 'OKC1.jpg', 'Chi tiết sản phẩm', 1, 7000000.000, 259000.000, 'Từ khóa SEO', 'Mô tả SEO', '2020-07-03 09:13:09', 1, '2020-07-03 09:13:09', 1, 1),
(34, 5, 'ok1', 'ok1', 'OKC2.jpg', 'Chi tiết sản phẩm', 1, 259000.000, 259000.000, 'Từ khóa SEO', 'Mô tả SEO', '2020-07-03 09:13:09', 1, '2020-07-03 09:13:09', 1, 1),
(35, 5, 'Ống Kính Canon EF-S55-250mm f/4-5.6 IS STM', 'ok1', 'OKC3.jpg', 'Chi tiết sản phẩm', 1, 259000.000, 259000.000, 'Từ khóa SEO', 'Mô tả SEO', '2020-07-03 09:13:09', 1, '2020-07-03 09:13:09', 1, 1),
(36, 5, 'Ống Kính Canon EF S 18-135mm F/3.5-5.6 IS USM', 'ok1', 'OKC4.jpg', 'Chi tiết sản phẩm', 1, 259000.000, 259000.000, 'Từ khóa SEO', 'Mô tả SEO', '2020-07-03 09:13:09', 1, '2020-07-03 09:13:09', 1, 1),
(37, 4, 'Bộ Thiết Bị Phòng Chụp Studio KitS F250-2', 'thiet-bi-phong-chup-studio-kitsF250-2', 'DC1.jpg', 'Chi tiết sản phẩm', 1, 259000.000, 259000.000, 'Từ khóa SEO', 'Mô tả SEO', '2020-07-03 09:13:09', 1, '2020-07-03 09:13:09', 1, 1),
(38, 4, 'Đèn Flash Studio F200 (200W)', 'den-flash-studiof200', 'DC2.jpg', 'Chi tiết sản phẩm', 1, 259000.000, 259000.000, 'Từ khóa SEO', 'Mô tả SEO', '2020-07-03 09:13:09', 1, '2020-07-03 09:13:09', 1, 1),
(39, 4, 'Bộ Thiết Bị Phòng Chụp Kits F600-F200', 'kit-F600-f200', 'DC3.jpg', 'Chi tiết sản phẩm', 1, 259000.000, 259000.000, 'Từ khóa SEO', 'Mô tả SEO', '2020-07-03 09:13:09', 1, '2020-07-03 09:13:09', 1, 1),
(40, 4, 'Đèn Continuous Light Godox SL60', 'den-countinuous-lightDodox-SL60', 'DC4.jpg', 'Chi tiết sản phẩm', 1, 259000.000, 259000.000, 'Từ khóa SEO', 'Mô tả SEO', '2020-07-03 09:13:09', 1, '2020-07-03 09:13:09', 1, 1),
(41, 8, 'Máy Ảnh Canon EOS M50 Kit 15-45mm', 'may-anh-canon-EOS-M50', 'C2.jpg', '<p> Máy ảnh M50 được Canon trang bị cảm biến APS-C CMOS 24.1MP và bộ xử lý hình ảnh DIGIC 8 cho ISO từ 100-25600 và có thể mở rộng lên ISO 51200 phù hợp sử dụng với nhiều điều kiện ánh sáng khác nhau.\r\n\r\n </p>\r\n<h3>Canon EOS M50 </h3>\r\n<p>ó khả năng quay video độ phân giải UHD 4K/24p, Full HD 1080/60p và HD 720/120p. Ngoài ra, bộ xử lý Digic 8 trên máy còn cho tốc độ chụp liên tiếp 10 fps/s, thời gian khởi động máy và thời gian delay giữa mỗi khung hình nhanh cho hiệu quả sử dụng tổng thể mượt mà và nhanh chóng.</p>\r\n<h3>Công nghệ lấy nét Dual Pixel CMOS AF</h3>\r\n<p>Mặc dù là một chiếc máy ảnh mirrorless trong phân khúc phổ thông nhưng EOS M50 lại sở hữu công nghệ lấy nét tuyệt với của Canon là Dual Pixel CMOS AF cung cấp hiệu suất lấy nét mượt mà và nhanh theo cách tương tự như cách máy quay lấy nét.</p>\r\n<h3>Thiết kế thân thiện của Canon EOS M50</h3>\r\n<p>Được thiết kế dành cho phân khúc người dùng phổ thông nên EOS M50 có giao diện và thiết kế rất dễ sử dụng, máy được cấu tạo từ hợp kim, nhựa tổng hợp cho cảm giác nhẹ và chắc chắn. Màn hình LCD 3 inch có cảm ứng và có thể lật nhiều góc khác nhau hỗ trợ chụp ảnh tự sướng hoặc quay vlog một cách dễ dàng, rất thích hợp cho các tín đồ hay đi du lịch.\r\n\r\n</p>\r\n<h3>Tính năng truyền dữ liệu không dây</h3>\r\n<p>Các tính năng truyền dữ liệu không dây như Wi-Fi, NFC và Bluetooth cũng được trang bị trên chiếc máy này cho phép bạn dễ dàng chia sẻ ảnh và phim với thiết bị di động cũng như khả năng điều khiển từ xa thông qua ứng dụng của Canon.</p>\r\n<p>Đi kèm với Body EOS M50 là ống kính Kit EF-M 15-45mm f/3.5-6.3 IS STM phù hợp với nhiều thể loại ảnh chụp như phong cảnh, đồ ăn, trẻ em, du lịch. Kích thước nhỏ gọn cùng tiêu cự linh hoạt sẽ hỗ trợ tốt cho những người mới lần đầu sử dụng máy ảnh.\r\n\r\nNếu bạn đang tìm kiếm một chiếc máy ảnh nhỏ gọn, thời trang và dễ sử dụng cho nhiều mục đích khác nhau thì Canon EOS M50 là một lựa chọn đáng để bạn cân nhắc.</p>', 1, 11000000.000, 259000.000, 'Canon', '<ul>\r\n<li>Cảm biến APS - C CMOS 24.1MP</li>\r\n<li>Chip xử lý ảnh DIGIC 8</li>\r\n<li>Video 4K 25p Full HD 1080 60p, HD 720 120p</li>\r\n<li>Trích xuất hình ảnh từ video phim 4K</li>\r\n</ul>', '2020-07-03 09:13:09', 1, '2020-07-03 09:13:09', 1, 1),
(42, 8, 'Máy Ảnh Canon Ixus 185', 'may-anh-canon-Ixus185', 'C1.jpg', '<h3>Các chế độ chụp hình</h3>\r\n<p>Chụp hình tự động, chụp hình ở chế độ P, chế độ chụp kỹ thuật số IS, chụp chân dung, chụp hẹn giờ lấy nét khuôn mặt, chụp ánh sáng yếu, chụp hiệu ứng mắt cá, chụp hiệu ứng thu nhỏ, chụp hiệu ứng máy ảnh đồ chơi, chụp đơn sắc, chụp siêu rực rỡ, chụp hiệu ứng poster, chụp cảnh tuyết, chụp cảnh pháo hoa, chụp màn trập lâu Có thể quay phim với nút nhấn quay phim</p>\r\n<h3>Khung AF</h3>\r\n<p>AiAF nhận diện khuôn mặt, AF theo dõi vật chụp, ở vùng trung tâm</p>\r\n<h3>Hệ thống đo sáng</h3>\r\n<p>	\r\nĐo sáng toàn bộ, đo sáng trung bình trọng điểm vùng trung tâm, đo điểm</p>\r\n<h3>Tốc độ ISO (Độ nhạy Đầu ra Tiêu chuẩn, Hệ số Phơi sáng Khuyến nghị)</h3>\r\n<p>Tự động, ISO 100 – ISO800\r\nTăng giảm 1 bước</p>\r\n', 1, 25000000.000, 259000.000, 'Canon', '<ul>\r\n<li>Cảm biến CCD 20 megapixel </li>\r\n<li>Bộ xử lý hình ảnh Digic 4+</li>\r\n<li>Màn hình 2.7inch </li>\r\n<li>Zoom quang học 8x (28 - 224mm) với ZoomPlus 16x</li>\r\n</ul>', '2020-07-03 09:13:09', 1, '2020-07-03 09:13:09', 1, 1),
(43, 8, 'Máy Ảnh Canon EOS 3000D ', 'may-anh-canon-EOS-3000D', 'C3.jpg', '<p>Tháng 2, 2018, hãng Canon đã tung ra sản phẩm  máy ảnh Canon EOS 3000D tầm trung  giá cả rất phải chăng nhằm hướng đến người dùng mới bắt đầu tìm hiểu về máy ảnh. Với cảm biến CMOS cỡ APS-C 18 megapixel. So với các cảm biến điện thoại thông minh nhỏ hơn, cảm biến CMOS lớn giúp dễ dàng đạt được độ sâu trường ảnh nông sâu cần thiết để tạo ra hiệu ứng nhòe nền đẹp.  Thông tin hình ảnh được xử lý nhanh chóng bởi bộ xử lý hình ảnh DIGIC 4+, dẫn đến độ phân giải cao, đầu ra chất lượng cao. Nhỏ và nhẹ ở khoảng 436g (bao gồm cả pin và thẻ nhớ), đây là một chiếc máy ảnh cũng lý tưởng cho việc đi lại.</p>\r\n<p>Có thể dễ dàng đạt được khả năng tự động lấy nét (AF) nhanh với hệ thống AF 9 điểm với 1 điểm AF kiểu chữ thập ở giữa. Có thể chụp được ảnh sắc nét với các đối tượng chuyển động ngay cả ở điều kiện thiếu sáng với dải độ nhạy sáng ISO rộng từ ISO 100 – 6400 (có thể mở rộng đến ISO 12800)</p>\r\n<h3>Kính ngắm quang học cho trải nghiệm DSLR đích thực</h3>\r\n<p>Chụp qua kính ngắm quang học bạn có thể tận dụng, người dùng có thể tận dụng AF nhanh để chụp những khoảnh khắc thoáng qua. Nắm giữ lớn cung cấp sự giữ chắc chắn và các nút bấm và nút bấm được thiết kế để hoạt động dễ dàng, thoải mái, ngay cả khi nhìn qua khung ngắm.  Khung ngắm OVF cung cấp phạm vi bao phủ khoảng 95% với độ phóng đại xấp xỉ 0,8x, đủ để quan sát rõ đối tượng ngay cả khi chụp ảnh ở ngoài trời. Với tất cả điểm AF hỗ trợ f/5.6 và AF kiểu chữ thập với điểm AF trung tâm, máy ảnh này có thể chụp ảnh sắc nét.</p>\r\n<h3>Hiệu suất</h3>\r\n<p>Bạn có thể chụp 3 khung hình các đối tượng chuyển động nhanh trong một giây. Máy ảnh Canon này khởi động nhanh và có tính năng Tự động lấy nét nhanh, vì vậy bạn không bao giờ bỏ lỡ bất kỳ cảnh hành động nào.</p>\r\n<h3>Chức năng ảnh và video phong phú mà ngay cả người mới bắt đầu cũng có thể thưởng thức</h3>\r\n<p>Ngoài các cài đặt trước chế độ cảnh và Bộ lọc sáng tạo, EOS 3000D bao gồm chức năng \"Chụp theo môi trường xung quanh\", nơi người dùng có thể chỉ cần chọn những từ khóa miêu tả môi trường trong tầm ngắm của mình để chụp ảnh theo phong cách tương ứng. Chế độ EOS MOVIE hỗ trợ quay video ở các định dạng khác nhau bao gồm Full HD 30P / 25P.</p>\r\n<h3>Công nghệ Wi-Fi tích hợp</h3>\r\n<p>Bằng cách kết nối máy ảnh này với các thiết bị thông minh của bạn bằng ứng dụng Camera Connect miễn phí của Canon, giờ đây bạn có thể chia sẻ ảnh của mình với những người thân yêu ngay lập tức.Thông qua ứng dụng Camera Connect của Canon, ứng dụng này được cung cấp miễn phí cho cả iOS và Android, bạn có thể sử dụng điện thoại thông minh đã ghép nối để thực hiện chụp từ xa, hoặc duyệt tìm và lưu các ảnh đã lưu trên máy ảnh. Bạn cũng có thể dễ dàng chia sẻ ảnh chất lượng cao trên mạng xã hội qua kết nối internet của điện thoại thông minh.</p>\r\n', 1, 16000000.000, 259000.000, 'Canon', '<ul>\r\n<li>Cảm biến CMOS 18.0 megapixel</li>\r\n<li>Bộ xử lý hình ảnh DIGIC 4+</li>\r\n<li>Hệ thống đo nét tiên tiến với 9 điểm</li>\r\n<li>Quay phim Full HD</li>\r\n</ul>', '2020-07-03 09:13:09', 1, '2020-07-03 09:13:09', 1, 1),
(44, 8, 'Máy Ảnh Canon EOS M50 Kit 15-45mm', 'may-anh-canon-EOS-M50-KIT15-45mm', 'C5.jpg', '<p>Sony RX0 Mark II sẽ là thiết bị lý tưởng dành cho các vlogger hoặc đơn giản là những ai muốn có một chiếc máy ảnh nhỏ có thể bỏ trong túi, nhưng vẫn có thể quay các vlog chất lượng cao bất kỳ lúc nào. RX0 Mark II có khả năng ghi lại những bức ảnh mãn nhãn kể cả trong điều kiện thiếu sáng, với cảm biến 1 inch mạnh mã và ống kính ZEISS® Tessar T* có độ méo ảnh thấp, đồng thời cho phép bạn chia sẻ hình ảnh dễ dàng với smartphone của mình. RX0 II đồng thời trang bị khả năng quay video 4K nội bộ, ổn định hình ảnh ấn tượng, khoảng cách lấy nét tối thiểu được cải thiện chỉ 20cm và màn hình LCD lật dến 180°.</p>\r\n<p>Với cùng ngôn ngữ thiết kế cũ, ngoại hình không khác gì chiếc RX0 ngoài việc được trang bị thêm khả năng lật 180° tiện dụng của màn hình LCD 1.5″ 230k điểm ảnh mà vẫn không ảnh hưởng tới khả năng chống nước, bụi bẩn, chống sốc và va đập như người anh RX0.</p>\r\n\r\n<p>Sony Cyber-shot DSC-RX0 II được trang bị với cảm biến ảnh lớn 1\" Exmor RS Stacked CMOS độ phân giải 15.3MP kết hợp cùng với bộ xử lý hình ảnh BIONZ X mới giúp máy có thể thể hiện được các màu sắc tốt hơn, nhất là cho tone màu da đẹp và tự nhiên hơn. Cũng như người anh RX0, RX0 II có thể chụp liên tục tốc độ cao với 16fps ở định dạng RAW.</p>\r\n\r\n<p>Về ống kính, Sony vẫn giữ nguyên ống ZEISS Tessar T* với tiêu cự tương đương với 24mm trên fullframe, khẩu độ mở f/4.0 cho khả năng thu sáng và thu được nhiều chi tiết nhất trong một khung hình. Với khả năng lấy nét gần nhất chỏi 20cm giúp người dùng thuận tiện hơn trong các hoàn cảnh chụp cận cảnh hay selfie hoặc quay vlog. Nếu thường xuyên phải quay trong điều kiện thiếu sáng, chiếc máy này cũng hỗ trợ dải ISO cao từ 80 đến 12800.</p>\r\n<h3>Thông Số Kỹ Thuật</h3>\r\n<ul>\r\n<li>ảm biến ảnh 1\" Exmor RS Stacked CMOS 15.3MP</li>\r\n<li>Ống kính ZEISS Tessar T* 24mm f/4 tương đương trên 35mm</li>\r\n<li>hụp tốc độ cao 16fps; Tốc độ màn trập nhanh nhất 1/32000s</li>\r\n<li>Khả năng quay video UHD 4K30 & S-Log2 Gamma</li>\r\n<li>Chế độ quay slowmotion 960 fps HFR Mode ở độ phân giải Full HD</li>\r\n<li> Màn hình LCD 1.5″ 230k điểm ảnh có thể lật 180°</li>\r\n<li>Khả năng chống nước, bụi, chống sốc và Water, Dust, Shock, and Crushproof</li>\r\n<li>Chống rung điện tử SteadyShot; Clean HDMI Output</li>\r\n</ul>', 1, 13000000.000, 259000.000, 'Từ khóa SEO', 'Mô tả SEO', '2020-07-03 09:13:09', 1, '2020-07-03 09:13:09', 1, 1),
(45, 8, 'Máy Ảnh Canon PowerShot SX430 IS', 'may-anh-canon-powershot-sx430-is', 'C6.jpg', '<p>Sony RX0 Mark II sẽ là thiết bị lý tưởng dành cho các vlogger hoặc đơn giản là những ai muốn có một chiếc máy ảnh nhỏ có thể bỏ trong túi, nhưng vẫn có thể quay các vlog chất lượng cao bất kỳ lúc nào. RX0 Mark II có khả năng ghi lại những bức ảnh mãn nhãn kể cả trong điều kiện thiếu sáng, với cảm biến 1 inch mạnh mã và ống kính ZEISS® Tessar T* có độ méo ảnh thấp, đồng thời cho phép bạn chia sẻ hình ảnh dễ dàng với smartphone của mình. RX0 II đồng thời trang bị khả năng quay video 4K nội bộ, ổn định hình ảnh ấn tượng, khoảng cách lấy nét tối thiểu được cải thiện chỉ 20cm và màn hình LCD lật dến 180°.</p>\r\n<p>Với cùng ngôn ngữ thiết kế cũ, ngoại hình không khác gì chiếc RX0 ngoài việc được trang bị thêm khả năng lật 180° tiện dụng của màn hình LCD 1.5″ 230k điểm ảnh mà vẫn không ảnh hưởng tới khả năng chống nước, bụi bẩn, chống sốc và va đập như người anh RX0.</p>\r\n\r\n<p>Sony Cyber-shot DSC-RX0 II được trang bị với cảm biến ảnh lớn 1\" Exmor RS Stacked CMOS độ phân giải 15.3MP kết hợp cùng với bộ xử lý hình ảnh BIONZ X mới giúp máy có thể thể hiện được các màu sắc tốt hơn, nhất là cho tone màu da đẹp và tự nhiên hơn. Cũng như người anh RX0, RX0 II có thể chụp liên tục tốc độ cao với 16fps ở định dạng RAW.</p>\r\n\r\n<p>Về ống kính, Sony vẫn giữ nguyên ống ZEISS Tessar T* với tiêu cự tương đương với 24mm trên fullframe, khẩu độ mở f/4.0 cho khả năng thu sáng và thu được nhiều chi tiết nhất trong một khung hình. Với khả năng lấy nét gần nhất chỏi 20cm giúp người dùng thuận tiện hơn trong các hoàn cảnh chụp cận cảnh hay selfie hoặc quay vlog. Nếu thường xuyên phải quay trong điều kiện thiếu sáng, chiếc máy này cũng hỗ trợ dải ISO cao từ 80 đến 12800.</p>\r\n<h3>Thông Số Kỹ Thuật</h3>\r\n<ul>\r\n<li>ảm biến ảnh 1\" Exmor RS Stacked CMOS 15.3MP</li>\r\n<li>Ống kính ZEISS Tessar T* 24mm f/4 tương đương trên 35mm</li>\r\n<li>hụp tốc độ cao 16fps; Tốc độ màn trập nhanh nhất 1/32000s</li>\r\n<li>Khả năng quay video UHD 4K30 & S-Log2 Gamma</li>\r\n<li>Chế độ quay slowmotion 960 fps HFR Mode ở độ phân giải Full HD</li>\r\n<li> Màn hình LCD 1.5″ 230k điểm ảnh có thể lật 180°</li>\r\n<li>Khả năng chống nước, bụi, chống sốc và Water, Dust, Shock, and Crushproof</li>\r\n<li>Chống rung điện tử SteadyShot; Clean HDMI Output</li>\r\n</ul>', 1, 40000000.000, 120000.000, 'từ khoá seo', 'từ khoá seo', '2020-08-05 06:47:08', 3, '2020-08-05 06:47:08', 3, 1),
(46, 8, 'Máy Ảnh Canon EOS 6D Mark II', 'may-anh-canon-eos-6DMarkII', 'C7.jpg', '<p>Sony RX0 Mark II sẽ là thiết bị lý tưởng dành cho các vlogger hoặc đơn giản là những ai muốn có một chiếc máy ảnh nhỏ có thể bỏ trong túi, nhưng vẫn có thể quay các vlog chất lượng cao bất kỳ lúc nào. RX0 Mark II có khả năng ghi lại những bức ảnh mãn nhãn kể cả trong điều kiện thiếu sáng, với cảm biến 1 inch mạnh mã và ống kính ZEISS® Tessar T* có độ méo ảnh thấp, đồng thời cho phép bạn chia sẻ hình ảnh dễ dàng với smartphone của mình. RX0 II đồng thời trang bị khả năng quay video 4K nội bộ, ổn định hình ảnh ấn tượng, khoảng cách lấy nét tối thiểu được cải thiện chỉ 20cm và màn hình LCD lật dến 180°.</p>\r\n<p>Với cùng ngôn ngữ thiết kế cũ, ngoại hình không khác gì chiếc RX0 ngoài việc được trang bị thêm khả năng lật 180° tiện dụng của màn hình LCD 1.5″ 230k điểm ảnh mà vẫn không ảnh hưởng tới khả năng chống nước, bụi bẩn, chống sốc và va đập như người anh RX0.</p>\r\n\r\n<p>Sony Cyber-shot DSC-RX0 II được trang bị với cảm biến ảnh lớn 1\" Exmor RS Stacked CMOS độ phân giải 15.3MP kết hợp cùng với bộ xử lý hình ảnh BIONZ X mới giúp máy có thể thể hiện được các màu sắc tốt hơn, nhất là cho tone màu da đẹp và tự nhiên hơn. Cũng như người anh RX0, RX0 II có thể chụp liên tục tốc độ cao với 16fps ở định dạng RAW.</p>\r\n\r\n<p>Về ống kính, Sony vẫn giữ nguyên ống ZEISS Tessar T* với tiêu cự tương đương với 24mm trên fullframe, khẩu độ mở f/4.0 cho khả năng thu sáng và thu được nhiều chi tiết nhất trong một khung hình. Với khả năng lấy nét gần nhất chỏi 20cm giúp người dùng thuận tiện hơn trong các hoàn cảnh chụp cận cảnh hay selfie hoặc quay vlog. Nếu thường xuyên phải quay trong điều kiện thiếu sáng, chiếc máy này cũng hỗ trợ dải ISO cao từ 80 đến 12800.</p>\r\n<h3>Thông Số Kỹ Thuật</h3>\r\n<ul>\r\n<li>ảm biến ảnh 1\" Exmor RS Stacked CMOS 15.3MP</li>\r\n<li>Ống kính ZEISS Tessar T* 24mm f/4 tương đương trên 35mm</li>\r\n<li>hụp tốc độ cao 16fps; Tốc độ màn trập nhanh nhất 1/32000s</li>\r\n<li>Khả năng quay video UHD 4K30 & S-Log2 Gamma</li>\r\n<li>Chế độ quay slowmotion 960 fps HFR Mode ở độ phân giải Full HD</li>\r\n<li> Màn hình LCD 1.5″ 230k điểm ảnh có thể lật 180°</li>\r\n<li>Khả năng chống nước, bụi, chống sốc và Water, Dust, Shock, and Crushproof</li>\r\n<li>Chống rung điện tử SteadyShot; Clean HDMI Output</li>\r\n</ul>', 1, 20000000.000, 120000.000, 'từ khoá seo', 'từ khoá seo', '2020-08-05 06:47:08', 3, '2020-08-05 06:47:08', 3, 1);
INSERT INTO `ptd_product` (`id`, `catid`, `name`, `slug`, `img`, `detail`, `number`, `price`, `pricesale`, `metakey`, `metadesc`, `created_at`, `created_by`, `updated_at`, `updated_by`, `status`) VALUES
(47, 8, 'Máy Ảnh Canon EOS 3000D ', 'may-anh-canon-eos-3000D', 'C8.jpg', '<p>Sony RX0 Mark II sẽ là thiết bị lý tưởng dành cho các vlogger hoặc đơn giản là những ai muốn có một chiếc máy ảnh nhỏ có thể bỏ trong túi, nhưng vẫn có thể quay các vlog chất lượng cao bất kỳ lúc nào. RX0 Mark II có khả năng ghi lại những bức ảnh mãn nhãn kể cả trong điều kiện thiếu sáng, với cảm biến 1 inch mạnh mã và ống kính ZEISS® Tessar T* có độ méo ảnh thấp, đồng thời cho phép bạn chia sẻ hình ảnh dễ dàng với smartphone của mình. RX0 II đồng thời trang bị khả năng quay video 4K nội bộ, ổn định hình ảnh ấn tượng, khoảng cách lấy nét tối thiểu được cải thiện chỉ 20cm và màn hình LCD lật dến 180°.</p>\r\n<p>Với cùng ngôn ngữ thiết kế cũ, ngoại hình không khác gì chiếc RX0 ngoài việc được trang bị thêm khả năng lật 180° tiện dụng của màn hình LCD 1.5″ 230k điểm ảnh mà vẫn không ảnh hưởng tới khả năng chống nước, bụi bẩn, chống sốc và va đập như người anh RX0.</p>\r\n\r\n<p>Sony Cyber-shot DSC-RX0 II được trang bị với cảm biến ảnh lớn 1\" Exmor RS Stacked CMOS độ phân giải 15.3MP kết hợp cùng với bộ xử lý hình ảnh BIONZ X mới giúp máy có thể thể hiện được các màu sắc tốt hơn, nhất là cho tone màu da đẹp và tự nhiên hơn. Cũng như người anh RX0, RX0 II có thể chụp liên tục tốc độ cao với 16fps ở định dạng RAW.</p>\r\n\r\n<p>Về ống kính, Sony vẫn giữ nguyên ống ZEISS Tessar T* với tiêu cự tương đương với 24mm trên fullframe, khẩu độ mở f/4.0 cho khả năng thu sáng và thu được nhiều chi tiết nhất trong một khung hình. Với khả năng lấy nét gần nhất chỏi 20cm giúp người dùng thuận tiện hơn trong các hoàn cảnh chụp cận cảnh hay selfie hoặc quay vlog. Nếu thường xuyên phải quay trong điều kiện thiếu sáng, chiếc máy này cũng hỗ trợ dải ISO cao từ 80 đến 12800.</p>\r\n<h3>Thông Số Kỹ Thuật</h3>\r\n<ul>\r\n<li>ảm biến ảnh 1\" Exmor RS Stacked CMOS 15.3MP</li>\r\n<li>Ống kính ZEISS Tessar T* 24mm f/4 tương đương trên 35mm</li>\r\n<li>hụp tốc độ cao 16fps; Tốc độ màn trập nhanh nhất 1/32000s</li>\r\n<li>Khả năng quay video UHD 4K30 & S-Log2 Gamma</li>\r\n<li>Chế độ quay slowmotion 960 fps HFR Mode ở độ phân giải Full HD</li>\r\n<li> Màn hình LCD 1.5″ 230k điểm ảnh có thể lật 180°</li>\r\n<li>Khả năng chống nước, bụi, chống sốc và Water, Dust, Shock, and Crushproof</li>\r\n<li>Chống rung điện tử SteadyShot; Clean HDMI Output</li>\r\n</ul>', 1, 16000000.000, 120000.000, 'từ khoá seo', 'từ khoá seo', '2020-08-05 06:47:08', 3, '2020-08-05 06:47:08', 3, 1),
(48, 8, 'Máy Ảnh Canon EOS 800D', 'may-anh-canon-eos-800D', 'C9.jpg', '<p>Sony RX0 Mark II sẽ là thiết bị lý tưởng dành cho các vlogger hoặc đơn giản là những ai muốn có một chiếc máy ảnh nhỏ có thể bỏ trong túi, nhưng vẫn có thể quay các vlog chất lượng cao bất kỳ lúc nào. RX0 Mark II có khả năng ghi lại những bức ảnh mãn nhãn kể cả trong điều kiện thiếu sáng, với cảm biến 1 inch mạnh mã và ống kính ZEISS® Tessar T* có độ méo ảnh thấp, đồng thời cho phép bạn chia sẻ hình ảnh dễ dàng với smartphone của mình. RX0 II đồng thời trang bị khả năng quay video 4K nội bộ, ổn định hình ảnh ấn tượng, khoảng cách lấy nét tối thiểu được cải thiện chỉ 20cm và màn hình LCD lật dến 180°.</p>\r\n<p>Với cùng ngôn ngữ thiết kế cũ, ngoại hình không khác gì chiếc RX0 ngoài việc được trang bị thêm khả năng lật 180° tiện dụng của màn hình LCD 1.5″ 230k điểm ảnh mà vẫn không ảnh hưởng tới khả năng chống nước, bụi bẩn, chống sốc và va đập như người anh RX0.</p>\r\n\r\n<p>Sony Cyber-shot DSC-RX0 II được trang bị với cảm biến ảnh lớn 1\" Exmor RS Stacked CMOS độ phân giải 15.3MP kết hợp cùng với bộ xử lý hình ảnh BIONZ X mới giúp máy có thể thể hiện được các màu sắc tốt hơn, nhất là cho tone màu da đẹp và tự nhiên hơn. Cũng như người anh RX0, RX0 II có thể chụp liên tục tốc độ cao với 16fps ở định dạng RAW.</p>\r\n\r\n<p>Về ống kính, Sony vẫn giữ nguyên ống ZEISS Tessar T* với tiêu cự tương đương với 24mm trên fullframe, khẩu độ mở f/4.0 cho khả năng thu sáng và thu được nhiều chi tiết nhất trong một khung hình. Với khả năng lấy nét gần nhất chỏi 20cm giúp người dùng thuận tiện hơn trong các hoàn cảnh chụp cận cảnh hay selfie hoặc quay vlog. Nếu thường xuyên phải quay trong điều kiện thiếu sáng, chiếc máy này cũng hỗ trợ dải ISO cao từ 80 đến 12800.</p>\r\n<h3>Thông Số Kỹ Thuật</h3>\r\n<ul>\r\n<li>ảm biến ảnh 1\" Exmor RS Stacked CMOS 15.3MP</li>\r\n<li>Ống kính ZEISS Tessar T* 24mm f/4 tương đương trên 35mm</li>\r\n<li>hụp tốc độ cao 16fps; Tốc độ màn trập nhanh nhất 1/32000s</li>\r\n<li>Khả năng quay video UHD 4K30 & S-Log2 Gamma</li>\r\n<li>Chế độ quay slowmotion 960 fps HFR Mode ở độ phân giải Full HD</li>\r\n<li> Màn hình LCD 1.5″ 230k điểm ảnh có thể lật 180°</li>\r\n<li>Khả năng chống nước, bụi, chống sốc và Water, Dust, Shock, and Crushproof</li>\r\n<li>Chống rung điện tử SteadyShot; Clean HDMI Output</li>\r\n</ul><p>Với cùng ngôn ngữ thiết kế cũ, ngoại hình không khác gì chiếc RX0 ngoài việc được trang bị thêm khả năng lật 180° tiện dụng của màn hình LCD 1.5″ 230k điểm ảnh mà vẫn không ảnh hưởng tới khả năng chống nước, bụi bẩn, chống sốc và va đập như người anh RX0.</p>\r\n\r\n<p>Sony Cyber-shot DSC-RX0 II được trang bị với cảm biến ảnh lớn 1\" Exmor RS Stacked CMOS độ phân giải 15.3MP kết hợp cùng với bộ xử lý hình ảnh BIONZ X mới giúp máy có thể thể hiện được các màu sắc tốt hơn, nhất là cho tone màu da đẹp và tự nhiên hơn. Cũng như người anh RX0, RX0 II có thể chụp liên tục tốc độ cao với 16fps ở định dạng RAW.</p>\r\n\r\n<p>Về ống kính, Sony vẫn giữ nguyên ống ZEISS Tessar T* với tiêu cự tương đương với 24mm trên fullframe, khẩu độ mở f/4.0 cho khả năng thu sáng và thu được nhiều chi tiết nhất trong một khung hình. Với khả năng lấy nét gần nhất chỏi 20cm giúp người dùng thuận tiện hơn trong các hoàn cảnh chụp cận cảnh hay selfie hoặc quay vlog. Nếu thường xuyên phải quay trong điều kiện thiếu sáng, chiếc máy này cũng hỗ trợ dải ISO cao từ 80 đến 12800.</p>\r\n<h3>Thông Số Kỹ Thuật</h3>\r\n<ul>\r\n<li>ảm biến ảnh 1\" Exmor RS Stacked CMOS 15.3MP</li>\r\n<li>Ống kính ZEISS Tessar T* 24mm f/4 tương đương trên 35mm</li>\r\n<li>hụp tốc độ cao 16fps; Tốc độ màn trập nhanh nhất 1/32000s</li>\r\n<li>Khả năng quay video UHD 4K30 & S-Log2 Gamma</li>\r\n<li>Chế độ quay slowmotion 960 fps HFR Mode ở độ phân giải Full HD</li>\r\n<li> Màn hình LCD 1.5″ 230k điểm ảnh có thể lật 180°</li>\r\n<li>Khả năng chống nước, bụi, chống sốc và Water, Dust, Shock, and Crushproof</li>\r\n<li>Chống rung điện tử SteadyShot; Clean HDMI Output</li>\r\n</ul><p>Sony RX0 Mark II sẽ là thiết bị lý tưởng dành cho các vlogger hoặc đơn giản là những ai muốn có một chiếc máy ảnh nhỏ có thể bỏ trong túi, nhưng vẫn có thể quay các vlog chất lượng cao bất kỳ lúc nào. RX0 Mark II có khả năng ghi lại những bức ảnh mãn nhãn kể cả trong điều kiện thiếu sáng, với cảm biến 1 inch mạnh mã và ống kính ZEISS® Tessar T* có độ méo ảnh thấp, đồng thời cho phép bạn chia sẻ hình ảnh dễ dàng với smartphone của mình. RX0 II đồng thời trang bị khả năng quay video 4K nội bộ, ổn định hình ảnh ấn tượng, khoảng cách lấy nét tối thiểu được cải thiện chỉ 20cm và màn hình LCD lật dến 180°.</p>\r\n<p>Với cùng ngôn ngữ thiết kế cũ, ngoại hình không khác gì chiếc RX0 ngoài việc được trang bị thêm khả năng lật 180° tiện dụng của màn hình LCD 1.5″ 230k điểm ảnh mà vẫn không ảnh hưởng tới khả năng chống nước, bụi bẩn, chống sốc và va đập như người anh RX0.</p>\r\n\r\n<p>Sony Cyber-shot DSC-RX0 II được trang bị với cảm biến ảnh lớn 1\" Exmor RS Stacked CMOS độ phân giải 15.3MP kết hợp cùng với bộ xử lý hình ảnh BIONZ X mới giúp máy có thể thể hiện được các màu sắc tốt hơn, nhất là cho tone màu da đẹp và tự nhiên hơn. Cũng như người anh RX0, RX0 II có thể chụp liên tục tốc độ cao với 16fps ở định dạng RAW.</p>\r\n\r\n<p>Về ống kính, Sony vẫn giữ nguyên ống ZEISS Tessar T* với tiêu cự tương đương với 24mm trên fullframe, khẩu độ mở f/4.0 cho khả năng thu sáng và thu được nhiều chi tiết nhất trong một khung hình. Với khả năng lấy nét gần nhất chỏi 20cm giúp người dùng thuận tiện hơn trong các hoàn cảnh chụp cận cảnh hay selfie hoặc quay vlog. Nếu thường xuyên phải quay trong điều kiện thiếu sáng, chiếc máy này cũng hỗ trợ dải ISO cao từ 80 đến 12800.</p>\r\n<h3>Thông Số Kỹ Thuật</h3>\r\n<ul>\r\n<li>ảm biến ảnh 1\" Exmor RS Stacked CMOS 15.3MP</li>\r\n<li>Ống kính ZEISS Tessar T* 24mm f/4 tương đương trên 35mm</li>\r\n<li>hụp tốc độ cao 16fps; Tốc độ màn trập nhanh nhất 1/32000s</li>\r\n<li>Khả năng quay video UHD 4K30 & S-Log2 Gamma</li>\r\n<li>Chế độ quay slowmotion 960 fps HFR Mode ở độ phân giải Full HD</li>\r\n<li> Màn hình LCD 1.5″ 230k điểm ảnh có thể lật 180°</li>\r\n<li>Khả năng chống nước, bụi, chống sốc và Water, Dust, Shock, and Crushproof</li>\r\n<li>Chống rung điện tử SteadyShot; Clean HDMI Output</li>\r\n</ul>', 1, 18000000.000, 120000.000, 'từ khoá seo', 'từ khoá seo', '2020-08-05 06:47:08', 3, '2020-08-05 06:47:08', 3, 1),
(49, 8, 'Máy Ảnh Canon Powershot SX740HS', 'may-anh-canon-powershot-sx740hs', 'C10.jpg', '<p>Sony RX0 Mark II sẽ là thiết bị lý tưởng dành cho các vlogger hoặc đơn giản là những ai muốn có một chiếc máy ảnh nhỏ có thể bỏ trong túi, nhưng vẫn có thể quay các vlog chất lượng cao bất kỳ lúc nào. RX0 Mark II có khả năng ghi lại những bức ảnh mãn nhãn kể cả trong điều kiện thiếu sáng, với cảm biến 1 inch mạnh mã và ống kính ZEISS® Tessar T* có độ méo ảnh thấp, đồng thời cho phép bạn chia sẻ hình ảnh dễ dàng với smartphone của mình. RX0 II đồng thời trang bị khả năng quay video 4K nội bộ, ổn định hình ảnh ấn tượng, khoảng cách lấy nét tối thiểu được cải thiện chỉ 20cm và màn hình LCD lật dến 180°.</p>\r\n<p>Với cùng ngôn ngữ thiết kế cũ, ngoại hình không khác gì chiếc RX0 ngoài việc được trang bị thêm khả năng lật 180° tiện dụng của màn hình LCD 1.5″ 230k điểm ảnh mà vẫn không ảnh hưởng tới khả năng chống nước, bụi bẩn, chống sốc và va đập như người anh RX0.</p>\r\n\r\n<p>Sony Cyber-shot DSC-RX0 II được trang bị với cảm biến ảnh lớn 1\" Exmor RS Stacked CMOS độ phân giải 15.3MP kết hợp cùng với bộ xử lý hình ảnh BIONZ X mới giúp máy có thể thể hiện được các màu sắc tốt hơn, nhất là cho tone màu da đẹp và tự nhiên hơn. Cũng như người anh RX0, RX0 II có thể chụp liên tục tốc độ cao với 16fps ở định dạng RAW.</p>\r\n\r\n<p>Về ống kính, Sony vẫn giữ nguyên ống ZEISS Tessar T* với tiêu cự tương đương với 24mm trên fullframe, khẩu độ mở f/4.0 cho khả năng thu sáng và thu được nhiều chi tiết nhất trong một khung hình. Với khả năng lấy nét gần nhất chỏi 20cm giúp người dùng thuận tiện hơn trong các hoàn cảnh chụp cận cảnh hay selfie hoặc quay vlog. Nếu thường xuyên phải quay trong điều kiện thiếu sáng, chiếc máy này cũng hỗ trợ dải ISO cao từ 80 đến 12800.</p>\r\n<h3>Thông Số Kỹ Thuật</h3>\r\n<ul>\r\n<li>ảm biến ảnh 1\" Exmor RS Stacked CMOS 15.3MP</li>\r\n<li>Ống kính ZEISS Tessar T* 24mm f/4 tương đương trên 35mm</li>\r\n<li>hụp tốc độ cao 16fps; Tốc độ màn trập nhanh nhất 1/32000s</li>\r\n<li>Khả năng quay video UHD 4K30 & S-Log2 Gamma</li>\r\n<li>Chế độ quay slowmotion 960 fps HFR Mode ở độ phân giải Full HD</li>\r\n<li> Màn hình LCD 1.5″ 230k điểm ảnh có thể lật 180°</li>\r\n<li>Khả năng chống nước, bụi, chống sốc và Water, Dust, Shock, and Crushproof</li>\r\n<li>Chống rung điện tử SteadyShot; Clean HDMI Output</li>\r\n</ul>', 1, 12500000.000, 120000.000, 'từ khoá seo', 'từ khoá seo', '2020-08-05 06:47:08', 3, '2020-08-05 06:47:08', 3, 1),
(50, 8, 'Máy Ảnh Canon Powershot SX620 HS', 'may-anh-canon-powershot-sx620hs', 'C11.jpg', '<p>Sony RX0 Mark II sẽ là thiết bị lý tưởng dành cho các vlogger hoặc đơn giản là những ai muốn có một chiếc máy ảnh nhỏ có thể bỏ trong túi, nhưng vẫn có thể quay các vlog chất lượng cao bất kỳ lúc nào. RX0 Mark II có khả năng ghi lại những bức ảnh mãn nhãn kể cả trong điều kiện thiếu sáng, với cảm biến 1 inch mạnh mã và ống kính ZEISS® Tessar T* có độ méo ảnh thấp, đồng thời cho phép bạn chia sẻ hình ảnh dễ dàng với smartphone của mình. RX0 II đồng thời trang bị khả năng quay video 4K nội bộ, ổn định hình ảnh ấn tượng, khoảng cách lấy nét tối thiểu được cải thiện chỉ 20cm và màn hình LCD lật dến 180°.</p>\r\n<p>Với cùng ngôn ngữ thiết kế cũ, ngoại hình không khác gì chiếc RX0 ngoài việc được trang bị thêm khả năng lật 180° tiện dụng của màn hình LCD 1.5″ 230k điểm ảnh mà vẫn không ảnh hưởng tới khả năng chống nước, bụi bẩn, chống sốc và va đập như người anh RX0.</p>\r\n\r\n<p>Sony Cyber-shot DSC-RX0 II được trang bị với cảm biến ảnh lớn 1\" Exmor RS Stacked CMOS độ phân giải 15.3MP kết hợp cùng với bộ xử lý hình ảnh BIONZ X mới giúp máy có thể thể hiện được các màu sắc tốt hơn, nhất là cho tone màu da đẹp và tự nhiên hơn. Cũng như người anh RX0, RX0 II có thể chụp liên tục tốc độ cao với 16fps ở định dạng RAW.</p>\r\n\r\n<p>Về ống kính, Sony vẫn giữ nguyên ống ZEISS Tessar T* với tiêu cự tương đương với 24mm trên fullframe, khẩu độ mở f/4.0 cho khả năng thu sáng và thu được nhiều chi tiết nhất trong một khung hình. Với khả năng lấy nét gần nhất chỏi 20cm giúp người dùng thuận tiện hơn trong các hoàn cảnh chụp cận cảnh hay selfie hoặc quay vlog. Nếu thường xuyên phải quay trong điều kiện thiếu sáng, chiếc máy này cũng hỗ trợ dải ISO cao từ 80 đến 12800.</p>\r\n<h3>Thông Số Kỹ Thuật</h3>\r\n<ul>\r\n<li>ảm biến ảnh 1\" Exmor RS Stacked CMOS 15.3MP</li>\r\n<li>Ống kính ZEISS Tessar T* 24mm f/4 tương đương trên 35mm</li>\r\n<li>hụp tốc độ cao 16fps; Tốc độ màn trập nhanh nhất 1/32000s</li>\r\n<li>Khả năng quay video UHD 4K30 & S-Log2 Gamma</li>\r\n<li>Chế độ quay slowmotion 960 fps HFR Mode ở độ phân giải Full HD</li>\r\n<li> Màn hình LCD 1.5″ 230k điểm ảnh có thể lật 180°</li>\r\n<li>Khả năng chống nước, bụi, chống sốc và Water, Dust, Shock, and Crushproof</li>\r\n<li>Chống rung điện tử SteadyShot; Clean HDMI Output</li>\r\n</ul>', 1, 3600000.000, 120000.000, 'từ khoá seo', 'từ khoá seo', '2020-08-05 06:47:08', 3, '2020-08-05 06:47:08', 3, 1),
(51, 13, 'Đèn Flash Godox TT685C For Canon', 'Đèn Flash Godox TT685C For Canon', 'FL1.jpg', '\r\n<p>Đèn Flash Godox TT685C for Canon cho công suất đánh đèn rất lớn Gn đạt GN60, tích hợp TTL (Tính năng tự động) và có đầy đủ tính năng như HSS đồng bộ tốc độ cao 1/8000s Sóng vô tuyến Radio 2.4GHz.</p>\r\n<h3>Đem đến cho bạn bức hình chụp chủ thể đối tượng sắc nét, chi tiết​\r\n\r\n</h3>\r\n<p>Đèn Flash Godox này có thiết kế chuyên dụng, chuyên dùng cho các nhiếp ảnh gia, thích hợp cả chuyên nghiệp lẫn nghiệp dư. Đèn dùng để tăng cường, trợ sáng khi bạn chụp hình trong điều kiện ánh sáng yếu, trời tối,... Đem đến cho bạn bức hình chụp chủ thể đối tượng sắc nét, chi tiết.</p>\r\n<div style=\"padding-left:350px;\"><img src=\"public/images/FL1-1.jpg\" class=\"card-img-top\" alt=\"...\"></div>\r\n<h3>Hoạt động hiệu quả với chức năng HSS\r\n\r\n</h3>\r\n<p>Đèn Flash với công suất lớn GN 60 (ISO 100). Đặt biệt với lợi thế tính năng đánh đèn rời có tích hợp cả HSS 1/8000S, Godox TT685C đem đến người sử dụng sự lựa chọn chất lượng với tính năng HSS cần thiết và giá thành rẻ. Đem đến cho bạn bức hình chụp chủ thể đối tượng sắc nét, chi tiết.</p>\r\n<div style=\"padding-left:350px;\"><img src=\"public/images/FL1-2.jpg\" class=\"card-img-top\" alt=\"...\"></div>\r\n', 1, 3600000.000, 120000.000, 'GoDox', '<ul>\r\n<li>Đồng bộ tốc độ cao HSS đến 1/8000</li>\r\n<li>Các chế độ của Flash ETTL / M / Multi</li>\r\n<li>Tùy chỉnh công suất thấp nhất 1/128 cao nhất 1/1</li>\r\n<li>Công suất NG60 (iso 100)</li>\r\n</ul>', '2020-08-05 06:47:08', 3, '2020-08-05 06:47:08', 3, 1),
(52, 13, 'Đèn Flash Godox V860II GN60 TTL For Canon', 'Đèn Flash Godox V860II GN60 TTL HSS 1/8000s For Canon', 'FL2.jpg', '<div style=\"padding-left:350px;\"><img src=\"public/images/FL2-2.jpg\" class=\"card-img-top\" alt=\"...\"></div>\r\n<div style=\"padding-left:350px;\"><img src=\"public/images/FL2-3.jpg\" class=\"card-img-top\" alt=\"...\"></div>\r\n<div style=\"padding-left:350px;\"><img src=\"public/images/FL2-4.jpg\" class=\"card-img-top\" alt=\"...\"></div>\r\n<div style=\"padding-left:350px;\"><img src=\"public/images/FL2-5.jpg\" class=\"card-img-top\" alt=\"...\"></div>', 1, 3600000.000, 120000.000, 'GoDox', '<ul>\r\n<li>Công suất cực mạnh: GN60 (Bản đời 1 GN58) </li>\r\n<li>Tính toán công suất tự động: TTL. </li>\r\n<li>Zoom từ 20-200mm, sử dụng wide panel phủ rộng 14mm.</li>\r\n<li>ốc độ ăn đèn lên đến 1/8000s </li>\r\n</ul>', '2020-08-05 06:47:08', 3, '2020-08-05 06:47:08', 3, 1),
(53, 13, 'Đèn Flash Godox V860II GN60 TTL For Canon', 'Đèn Flash Godox V860II GN60 TTL HSS 1/8000s For Canon', 'FL3.jpg', '<div style=\"padding-left:350px;\"><img src=\"public/images/FL2-2.jpg\" class=\"card-img-top\" alt=\"...\"></div>\r\n<div style=\"padding-left:350px;\"><img src=\"public/images/FL2-3.jpg\" class=\"card-img-top\" alt=\"...\"></div>\r\n<div style=\"padding-left:350px;\"><img src=\"public/images/FL2-4.jpg\" class=\"card-img-top\" alt=\"...\"></div>\r\n<div style=\"padding-left:350px;\"><img src=\"public/images/FL2-5.jpg\" class=\"card-img-top\" alt=\"...\"></div>', 1, 3600000.000, 120000.000, 'GoDox', '<ul>\r\n<li>Công suất cực mạnh: GN60 (Bản đời 1 GN58) </li>\r\n<li>Tính toán công suất tự động: TTL. </li>\r\n<li>Zoom từ 20-200mm, sử dụng wide panel phủ rộng 14mm.</li>\r\n<li>ốc độ ăn đèn lên đến 1/8000s </li>\r\n</ul>', '2020-08-05 06:47:08', 3, '2020-08-05 06:47:08', 3, 1),
(54, 13, 'Đèn Flash Godox V860II GN60 TTL For Canon', 'Đèn Flash Godox V860II GN60 TTL HSS 1/8000s For Canon', 'FL4.jpg', '<div style=\"padding-left:350px;\"><img src=\"public/images/FL2-2.jpg\" class=\"card-img-top\" alt=\"...\"></div>\r\n<div style=\"padding-left:350px;\"><img src=\"public/images/FL2-3.jpg\" class=\"card-img-top\" alt=\"...\"></div>\r\n<div style=\"padding-left:350px;\"><img src=\"public/images/FL2-4.jpg\" class=\"card-img-top\" alt=\"...\"></div>\r\n<div style=\"padding-left:350px;\"><img src=\"public/images/FL2-5.jpg\" class=\"card-img-top\" alt=\"...\"></div>', 1, 3600000.000, 120000.000, 'GoDox', '<ul>\r\n<li>Công suất cực mạnh: GN60 (Bản đời 1 GN58) </li>\r\n<li>Tính toán công suất tự động: TTL. </li>\r\n<li>Zoom từ 20-200mm, sử dụng wide panel phủ rộng 14mm.</li>\r\n<li>ốc độ ăn đèn lên đến 1/8000s </li>\r\n</ul>', '2020-08-05 06:47:08', 3, '2020-08-05 06:47:08', 3, 1),
(55, 13, 'Đèn Flash Godox V860II GN60 TTL For Canon', 'Đèn Flash Godox V860II GN60 TTL HSS 1/8000s For Canon', 'FL5.jpg', '<div style=\"padding-left:350px;\"><img src=\"public/images/FL2-2.jpg\" class=\"card-img-top\" alt=\"...\"></div>\r\n<div style=\"padding-left:350px;\"><img src=\"public/images/FL2-3.jpg\" class=\"card-img-top\" alt=\"...\"></div>\r\n<div style=\"padding-left:350px;\"><img src=\"public/images/FL2-4.jpg\" class=\"card-img-top\" alt=\"...\"></div>\r\n<div style=\"padding-left:350px;\"><img src=\"public/images/FL2-5.jpg\" class=\"card-img-top\" alt=\"...\"></div>', 1, 3600000.000, 120000.000, 'GoDox', '<ul>\r\n<li>Công suất cực mạnh: GN60 (Bản đời 1 GN58) </li>\r\n<li>Tính toán công suất tự động: TTL. </li>\r\n<li>Zoom từ 20-200mm, sử dụng wide panel phủ rộng 14mm.</li>\r\n<li>ốc độ ăn đèn lên đến 1/8000s </li>\r\n</ul>', '2020-08-05 06:47:08', 3, '2020-08-05 06:47:08', 3, 1),
(56, 13, 'Đèn Flash Godox V860II GN60 TTL For Canon', 'Đèn Flash Godox V860II GN60 TTL HSS 1/8000s For Canon', 'FL6.jpg', '<div style=\"padding-left:350px;\"><img src=\"public/images/FL2-2.jpg\" class=\"card-img-top\" alt=\"...\"></div>\r\n<div style=\"padding-left:350px;\"><img src=\"public/images/FL2-3.jpg\" class=\"card-img-top\" alt=\"...\"></div>\r\n<div style=\"padding-left:350px;\"><img src=\"public/images/FL2-4.jpg\" class=\"card-img-top\" alt=\"...\"></div>\r\n<div style=\"padding-left:350px;\"><img src=\"public/images/FL2-5.jpg\" class=\"card-img-top\" alt=\"...\"></div>', 1, 3600000.000, 120000.000, 'GoDox', '<ul>\r\n<li>Công suất cực mạnh: GN60 (Bản đời 1 GN58) </li>\r\n<li>Tính toán công suất tự động: TTL. </li>\r\n<li>Zoom từ 20-200mm, sử dụng wide panel phủ rộng 14mm.</li>\r\n<li>ốc độ ăn đèn lên đến 1/8000s </li>\r\n</ul>', '2020-08-05 06:47:08', 3, '2020-08-05 06:47:08', 3, 1),
(57, 13, 'Đèn Flash Godox V860II GN60 TTL For Canon', 'Đèn Flash Godox V860II GN60 TTL HSS 1/8000s For Canon', 'FL7.jpg', '<div style=\"padding-left:350px;\"><img src=\"public/images/FL2-2.jpg\" class=\"card-img-top\" alt=\"...\"></div>\r\n<div style=\"padding-left:350px;\"><img src=\"public/images/FL2-3.jpg\" class=\"card-img-top\" alt=\"...\"></div>\r\n<div style=\"padding-left:350px;\"><img src=\"public/images/FL2-4.jpg\" class=\"card-img-top\" alt=\"...\"></div>\r\n<div style=\"padding-left:350px;\"><img src=\"public/images/FL2-5.jpg\" class=\"card-img-top\" alt=\"...\"></div>', 1, 3600000.000, 120000.000, 'GoDox', '<ul>\r\n<li>Công suất cực mạnh: GN60 (Bản đời 1 GN58) </li>\r\n<li>Tính toán công suất tự động: TTL. </li>\r\n<li>Zoom từ 20-200mm, sử dụng wide panel phủ rộng 14mm.</li>\r\n<li>ốc độ ăn đèn lên đến 1/8000s </li>\r\n</ul>', '2020-08-05 06:47:08', 3, '2020-08-05 06:47:08', 3, 1),
(58, 13, 'Đèn Flash Godox V860II GN60 TTL For Canon', 'Đèn Flash Godox V860II GN60 TTL HSS 1/8000s For Canon', 'FL8.jpg', '<div style=\"padding-left:350px;\"><img src=\"public/images/FL2-2.jpg\" class=\"card-img-top\" alt=\"...\"></div>\r\n<div style=\"padding-left:350px;\"><img src=\"public/images/FL2-3.jpg\" class=\"card-img-top\" alt=\"...\"></div>\r\n<div style=\"padding-left:350px;\"><img src=\"public/images/FL2-4.jpg\" class=\"card-img-top\" alt=\"...\"></div>\r\n<div style=\"padding-left:350px;\"><img src=\"public/images/FL2-5.jpg\" class=\"card-img-top\" alt=\"...\"></div>', 1, 3600000.000, 120000.000, 'GoDox', '<ul>\r\n<li>Công suất cực mạnh: GN60 (Bản đời 1 GN58) </li>\r\n<li>Tính toán công suất tự động: TTL. </li>\r\n<li>Zoom từ 20-200mm, sử dụng wide panel phủ rộng 14mm.</li>\r\n<li>ốc độ ăn đèn lên đến 1/8000s </li>\r\n</ul>', '2020-08-05 06:47:08', 3, '2020-08-05 06:47:08', 3, 1),
(59, 13, 'Đèn Flash Godox V860II GN60 TTL For Canon', 'Đèn Flash Godox V860II GN60 TTL HSS 1/8000s For Canon', 'FL9.jpg', '<div style=\"padding-left:350px;\"><img src=\"public/images/FL2-2.jpg\" class=\"card-img-top\" alt=\"...\"></div>\r\n<div style=\"padding-left:350px;\"><img src=\"public/images/FL2-3.jpg\" class=\"card-img-top\" alt=\"...\"></div>\r\n<div style=\"padding-left:350px;\"><img src=\"public/images/FL2-4.jpg\" class=\"card-img-top\" alt=\"...\"></div>\r\n<div style=\"padding-left:350px;\"><img src=\"public/images/FL2-5.jpg\" class=\"card-img-top\" alt=\"...\"></div>', 1, 3600000.000, 120000.000, 'GoDox', '<ul>\r\n<li>Công suất cực mạnh: GN60 (Bản đời 1 GN58) </li>\r\n<li>Tính toán công suất tự động: TTL. </li>\r\n<li>Zoom từ 20-200mm, sử dụng wide panel phủ rộng 14mm.</li>\r\n<li>ốc độ ăn đèn lên đến 1/8000s </li>\r\n</ul>', '2020-08-05 06:47:08', 3, '2020-08-05 06:47:08', 3, 1),
(60, 13, 'Đèn Flash Godox V860II GN60 TTL For Canon', 'Đèn Flash Godox V860II GN60 TTL HSS 1/8000s For Canon', 'FL10.jpg', '<div style=\"padding-left:350px;\"><img src=\"public/images/FL2-2.jpg\" class=\"card-img-top\" alt=\"...\"></div>\r\n<div style=\"padding-left:350px;\"><img src=\"public/images/FL2-3.jpg\" class=\"card-img-top\" alt=\"...\"></div>\r\n<div style=\"padding-left:350px;\"><img src=\"public/images/FL2-4.jpg\" class=\"card-img-top\" alt=\"...\"></div>\r\n<div style=\"padding-left:350px;\"><img src=\"public/images/FL2-5.jpg\" class=\"card-img-top\" alt=\"...\"></div>', 1, 3600000.000, 120000.000, 'GoDox', '<ul>\r\n<li>Công suất cực mạnh: GN60 (Bản đời 1 GN58) </li>\r\n<li>Tính toán công suất tự động: TTL. </li>\r\n<li>Zoom từ 20-200mm, sử dụng wide panel phủ rộng 14mm.</li>\r\n<li>ốc độ ăn đèn lên đến 1/8000s </li>\r\n</ul>', '2020-08-05 06:47:08', 3, '2020-08-05 06:47:08', 3, 1),
(61, 15, 'Đèn Flash Godox V860II GN60 TTL For Canon', 'Đèn Flash Godox V860II GN60 TTL HSS 1/8000s For Canon', 'TD1.jpg', '<div style=\"padding-left:350px;\"><img src=\"public/images/FL2-2.jpg\" class=\"card-img-top\" alt=\"...\"></div>\r\n<div style=\"padding-left:350px;\"><img src=\"public/images/FL2-3.jpg\" class=\"card-img-top\" alt=\"...\"></div>\r\n<div style=\"padding-left:350px;\"><img src=\"public/images/FL2-4.jpg\" class=\"card-img-top\" alt=\"...\"></div>\r\n<div style=\"padding-left:350px;\"><img src=\"public/images/FL2-5.jpg\" class=\"card-img-top\" alt=\"...\"></div>', 1, 3600000.000, 120000.000, 'GoDox', '<ul>\r\n<li>Công suất cực mạnh: GN60 (Bản đời 1 GN58) </li>\r\n<li>Tính toán công suất tự động: TTL. </li>\r\n<li>Zoom từ 20-200mm, sử dụng wide panel phủ rộng 14mm.</li>\r\n<li>ốc độ ăn đèn lên đến 1/8000s </li>\r\n</ul>', '2020-08-05 06:47:08', 3, '2020-08-05 06:47:08', 3, 1),
(62, 15, 'Đèn Flash Godox V860II GN60 TTL For Canon', 'Đèn Flash Godox V860II GN60 TTL HSS 1/8000s For Canon', 'TD2.jpg', '<div style=\"padding-left:350px;\"><img src=\"public/images/FL2-2.jpg\" class=\"card-img-top\" alt=\"...\"></div>\r\n<div style=\"padding-left:350px;\"><img src=\"public/images/FL2-3.jpg\" class=\"card-img-top\" alt=\"...\"></div>\r\n<div style=\"padding-left:350px;\"><img src=\"public/images/FL2-4.jpg\" class=\"card-img-top\" alt=\"...\"></div>\r\n<div style=\"padding-left:350px;\"><img src=\"public/images/FL2-5.jpg\" class=\"card-img-top\" alt=\"...\"></div>', 1, 3600000.000, 120000.000, 'GoDox', '<ul>\r\n<li>Công suất cực mạnh: GN60 (Bản đời 1 GN58) </li>\r\n<li>Tính toán công suất tự động: TTL. </li>\r\n<li>Zoom từ 20-200mm, sử dụng wide panel phủ rộng 14mm.</li>\r\n<li>ốc độ ăn đèn lên đến 1/8000s </li>\r\n</ul>', '2020-08-05 06:47:08', 3, '2020-08-05 06:47:08', 3, 1),
(63, 15, 'Đèn Flash Godox V860II GN60 TTL For Canon', 'Đèn Flash Godox V860II GN60 TTL HSS 1/8000s For Canon', 'TD3.jpg', '<div style=\"padding-left:350px;\"><img src=\"public/images/FL2-2.jpg\" class=\"card-img-top\" alt=\"...\"></div>\r\n<div style=\"padding-left:350px;\"><img src=\"public/images/FL2-3.jpg\" class=\"card-img-top\" alt=\"...\"></div>\r\n<div style=\"padding-left:350px;\"><img src=\"public/images/FL2-4.jpg\" class=\"card-img-top\" alt=\"...\"></div>\r\n<div style=\"padding-left:350px;\"><img src=\"public/images/FL2-5.jpg\" class=\"card-img-top\" alt=\"...\"></div>', 1, 3600000.000, 120000.000, 'GoDox', '<ul>\r\n<li>Công suất cực mạnh: GN60 (Bản đời 1 GN58) </li>\r\n<li>Tính toán công suất tự động: TTL. </li>\r\n<li>Zoom từ 20-200mm, sử dụng wide panel phủ rộng 14mm.</li>\r\n<li>ốc độ ăn đèn lên đến 1/8000s </li>\r\n</ul>', '2020-08-05 06:47:08', 3, '2020-08-05 06:47:08', 3, 1),
(64, 15, 'Đèn Flash Godox V860II GN60 TTL For Canon', 'Đèn Flash Godox V860II GN60 TTL HSS 1/8000s For Canon', 'TD4.jpg', '<div style=\"padding-left:350px;\"><img src=\"public/images/FL2-2.jpg\" class=\"card-img-top\" alt=\"...\"></div>\r\n<div style=\"padding-left:350px;\"><img src=\"public/images/FL2-3.jpg\" class=\"card-img-top\" alt=\"...\"></div>\r\n<div style=\"padding-left:350px;\"><img src=\"public/images/FL2-4.jpg\" class=\"card-img-top\" alt=\"...\"></div>\r\n<div style=\"padding-left:350px;\"><img src=\"public/images/FL2-5.jpg\" class=\"card-img-top\" alt=\"...\"></div>', 1, 3600000.000, 120000.000, 'GoDox', '<ul>\r\n<li>Công suất cực mạnh: GN60 (Bản đời 1 GN58) </li>\r\n<li>Tính toán công suất tự động: TTL. </li>\r\n<li>Zoom từ 20-200mm, sử dụng wide panel phủ rộng 14mm.</li>\r\n<li>ốc độ ăn đèn lên đến 1/8000s </li>\r\n</ul>', '2020-08-05 06:47:08', 3, '2020-08-05 06:47:08', 3, 1),
(65, 15, 'Đèn Flash Godox V860II GN60 TTL For Canon', 'Đèn Flash Godox V860II GN60 TTL HSS 1/8000s For Canon', 'TD5.jpg', '<div style=\"padding-left:350px;\"><img src=\"public/images/FL2-2.jpg\" class=\"card-img-top\" alt=\"...\"></div>\r\n<div style=\"padding-left:350px;\"><img src=\"public/images/FL2-3.jpg\" class=\"card-img-top\" alt=\"...\"></div>\r\n<div style=\"padding-left:350px;\"><img src=\"public/images/FL2-4.jpg\" class=\"card-img-top\" alt=\"...\"></div>\r\n<div style=\"padding-left:350px;\"><img src=\"public/images/FL2-5.jpg\" class=\"card-img-top\" alt=\"...\"></div>', 1, 3600000.000, 120000.000, 'GoDox', '<ul>\r\n<li>Công suất cực mạnh: GN60 (Bản đời 1 GN58) </li>\r\n<li>Tính toán công suất tự động: TTL. </li>\r\n<li>Zoom từ 20-200mm, sử dụng wide panel phủ rộng 14mm.</li>\r\n<li>ốc độ ăn đèn lên đến 1/8000s </li>\r\n</ul>', '2020-08-05 06:47:08', 3, '2020-08-05 06:47:08', 3, 1),
(66, 15, 'Đèn Flash Godox V860II GN60 TTL For Canon', 'Đèn Flash Godox V860II GN60 TTL HSS 1/8000s For Canon', 'TD6.jpg', '<div style=\"padding-left:350px;\"><img src=\"public/images/FL2-2.jpg\" class=\"card-img-top\" alt=\"...\"></div>\r\n<div style=\"padding-left:350px;\"><img src=\"public/images/FL2-3.jpg\" class=\"card-img-top\" alt=\"...\"></div>\r\n<div style=\"padding-left:350px;\"><img src=\"public/images/FL2-4.jpg\" class=\"card-img-top\" alt=\"...\"></div>\r\n<div style=\"padding-left:350px;\"><img src=\"public/images/FL2-5.jpg\" class=\"card-img-top\" alt=\"...\"></div>', 1, 3600000.000, 120000.000, 'GoDox', '<ul>\r\n<li>Công suất cực mạnh: GN60 (Bản đời 1 GN58) </li>\r\n<li>Tính toán công suất tự động: TTL. </li>\r\n<li>Zoom từ 20-200mm, sử dụng wide panel phủ rộng 14mm.</li>\r\n<li>ốc độ ăn đèn lên đến 1/8000s </li>\r\n</ul>', '2020-08-05 06:47:08', 3, '2020-08-05 06:47:08', 3, 1),
(67, 15, 'Đèn Flash Godox V860II GN60 TTL For Canon', 'Đèn Flash Godox V860II GN60 TTL HSS 1/8000s For Canon', 'TD7.jpg', '<div style=\"padding-left:350px;\"><img src=\"public/images/FL2-2.jpg\" class=\"card-img-top\" alt=\"...\"></div>\r\n<div style=\"padding-left:350px;\"><img src=\"public/images/FL2-3.jpg\" class=\"card-img-top\" alt=\"...\"></div>\r\n<div style=\"padding-left:350px;\"><img src=\"public/images/FL2-4.jpg\" class=\"card-img-top\" alt=\"...\"></div>\r\n<div style=\"padding-left:350px;\"><img src=\"public/images/FL2-5.jpg\" class=\"card-img-top\" alt=\"...\"></div>', 1, 3600000.000, 120000.000, 'GoDox', '<ul>\r\n<li>Công suất cực mạnh: GN60 (Bản đời 1 GN58) </li>\r\n<li>Tính toán công suất tự động: TTL. </li>\r\n<li>Zoom từ 20-200mm, sử dụng wide panel phủ rộng 14mm.</li>\r\n<li>ốc độ ăn đèn lên đến 1/8000s </li>\r\n</ul>', '2020-08-05 06:47:08', 3, '2020-08-05 06:47:08', 3, 1),
(68, 15, 'Đèn Flash Godox V860II GN60 TTL For Canon', 'Đèn Flash Godox V860II GN60 TTL HSS 1/8000s For Canon', 'TD8.jpg', '<div style=\"padding-left:350px;\"><img src=\"public/images/FL2-2.jpg\" class=\"card-img-top\" alt=\"...\"></div>\r\n<div style=\"padding-left:350px;\"><img src=\"public/images/FL2-3.jpg\" class=\"card-img-top\" alt=\"...\"></div>\r\n<div style=\"padding-left:350px;\"><img src=\"public/images/FL2-4.jpg\" class=\"card-img-top\" alt=\"...\"></div>\r\n<div style=\"padding-left:350px;\"><img src=\"public/images/FL2-5.jpg\" class=\"card-img-top\" alt=\"...\"></div>', 1, 3600000.000, 120000.000, 'GoDox', '<ul>\r\n<li>Công suất cực mạnh: GN60 (Bản đời 1 GN58) </li>\r\n<li>Tính toán công suất tự động: TTL. </li>\r\n<li>Zoom từ 20-200mm, sử dụng wide panel phủ rộng 14mm.</li>\r\n<li>ốc độ ăn đèn lên đến 1/8000s </li>\r\n</ul>', '2020-08-05 06:47:08', 3, '2020-08-05 06:47:08', 3, 1),
(69, 15, 'Đèn Flash Godox V860II GN60 TTL For Canon', 'Đèn Flash Godox V860II GN60 TTL HSS 1/8000s For Canon', 'TD9.jpg', '<div style=\"padding-left:350px;\"><img src=\"public/images/FL2-2.jpg\" class=\"card-img-top\" alt=\"...\"></div>\r\n<div style=\"padding-left:350px;\"><img src=\"public/images/FL2-3.jpg\" class=\"card-img-top\" alt=\"...\"></div>\r\n<div style=\"padding-left:350px;\"><img src=\"public/images/FL2-4.jpg\" class=\"card-img-top\" alt=\"...\"></div>\r\n<div style=\"padding-left:350px;\"><img src=\"public/images/FL2-5.jpg\" class=\"card-img-top\" alt=\"...\"></div>', 1, 3600000.000, 120000.000, 'GoDox', '<ul>\r\n<li>Công suất cực mạnh: GN60 (Bản đời 1 GN58) </li>\r\n<li>Tính toán công suất tự động: TTL. </li>\r\n<li>Zoom từ 20-200mm, sử dụng wide panel phủ rộng 14mm.</li>\r\n<li>ốc độ ăn đèn lên đến 1/8000s </li>\r\n</ul>', '2020-08-05 06:47:08', 3, '2020-08-05 06:47:08', 3, 1),
(70, 15, 'Đèn Flash Godox V860II GN60 TTL For Canon', 'Đèn Flash Godox V860II GN60 TTL HSS 1/8000s For Canon', 'TD10.jpg', '<div style=\"padding-left:350px;\"><img src=\"public/images/FL2-2.jpg\" class=\"card-img-top\" alt=\"...\"></div>\r\n<div style=\"padding-left:350px;\"><img src=\"public/images/FL2-3.jpg\" class=\"card-img-top\" alt=\"...\"></div>\r\n<div style=\"padding-left:350px;\"><img src=\"public/images/FL2-4.jpg\" class=\"card-img-top\" alt=\"...\"></div>\r\n<div style=\"padding-left:350px;\"><img src=\"public/images/FL2-5.jpg\" class=\"card-img-top\" alt=\"...\"></div>', 1, 3600000.000, 120000.000, 'GoDox', '<ul>\r\n<li>Công suất cực mạnh: GN60 (Bản đời 1 GN58) </li>\r\n<li>Tính toán công suất tự động: TTL. </li>\r\n<li>Zoom từ 20-200mm, sử dụng wide panel phủ rộng 14mm.</li>\r\n<li>ốc độ ăn đèn lên đến 1/8000s </li>\r\n</ul>', '2020-08-05 06:47:08', 3, '2020-08-05 06:47:08', 3, 1),
(71, 15, 'Đèn Flash Godox V860II GN60 TTL For Canon', 'Đèn Flash Godox V860II GN60 TTL HSS 1/8000s For Canon', 'TD11.jpg', '<div style=\"padding-left:350px;\"><img src=\"public/images/FL2-2.jpg\" class=\"card-img-top\" alt=\"...\"></div>\r\n<div style=\"padding-left:350px;\"><img src=\"public/images/FL2-3.jpg\" class=\"card-img-top\" alt=\"...\"></div>\r\n<div style=\"padding-left:350px;\"><img src=\"public/images/FL2-4.jpg\" class=\"card-img-top\" alt=\"...\"></div>\r\n<div style=\"padding-left:350px;\"><img src=\"public/images/FL2-5.jpg\" class=\"card-img-top\" alt=\"...\"></div>', 1, 3600000.000, 120000.000, 'GoDox', '<ul>\r\n<li>Công suất cực mạnh: GN60 (Bản đời 1 GN58) </li>\r\n<li>Tính toán công suất tự động: TTL. </li>\r\n<li>Zoom từ 20-200mm, sử dụng wide panel phủ rộng 14mm.</li>\r\n<li>ốc độ ăn đèn lên đến 1/8000s </li>\r\n</ul>', '2020-08-05 06:47:08', 3, '2020-08-05 06:47:08', 3, 1),
(72, 15, 'Đèn Flash Godox V860II GN60 TTL For Canon', 'Đèn Flash Godox V860II GN60 TTL HSS 1/8000s For Canon', 'TD12.jpg', '<div style=\"padding-left:350px;\"><img src=\"public/images/FL2-2.jpg\" class=\"card-img-top\" alt=\"...\"></div>\r\n<div style=\"padding-left:350px;\"><img src=\"public/images/FL2-3.jpg\" class=\"card-img-top\" alt=\"...\"></div>\r\n<div style=\"padding-left:350px;\"><img src=\"public/images/FL2-4.jpg\" class=\"card-img-top\" alt=\"...\"></div>\r\n<div style=\"padding-left:350px;\"><img src=\"public/images/FL2-5.jpg\" class=\"card-img-top\" alt=\"...\"></div>', 1, 3600000.000, 120000.000, 'GoDox', '<ul>\r\n<li>Công suất cực mạnh: GN60 (Bản đời 1 GN58) </li>\r\n<li>Tính toán công suất tự động: TTL. </li>\r\n<li>Zoom từ 20-200mm, sử dụng wide panel phủ rộng 14mm.</li>\r\n<li>ốc độ ăn đèn lên đến 1/8000s </li>\r\n</ul>', '2020-08-05 06:47:08', 3, '2020-08-05 06:47:08', 3, 1),
(73, 16, 'Sạc I-Discovery FW50', 'Đèn Flash Godox V860II GN60 TTL HSS 1/8000s For Canon', 'SP1.jpg', '<div style=\"padding-left:350px;\"><img src=\"public/images/FL2-2.jpg\" class=\"card-img-top\" alt=\"...\"></div>\r\n<div style=\"padding-left:350px;\"><img src=\"public/images/FL2-3.jpg\" class=\"card-img-top\" alt=\"...\"></div>\r\n<div style=\"padding-left:350px;\"><img src=\"public/images/FL2-4.jpg\" class=\"card-img-top\" alt=\"...\"></div>\r\n<div style=\"padding-left:350px;\"><img src=\"public/images/FL2-5.jpg\" class=\"card-img-top\" alt=\"...\"></div>', 1, 3600000.000, 120000.000, 'GoDox', '<ul>\r\n<li>Công suất cực mạnh: GN60 (Bản đời 1 GN58) </li>\r\n<li>Tính toán công suất tự động: TTL. </li>\r\n<li>Zoom từ 20-200mm, sử dụng wide panel phủ rộng 14mm.</li>\r\n<li>ốc độ ăn đèn lên đến 1/8000s </li>\r\n</ul>', '2020-08-05 06:47:08', 3, '2020-08-05 06:47:08', 3, 1),
(74, 16, 'Sạc Sanyo AA / AAA NC-MQN06U', 'Đèn Flash Godox V860II GN60 TTL HSS 1/8000s For Canon', 'SP2.jpg', '<div style=\"padding-left:350px;\"><img src=\"public/images/FL2-2.jpg\" class=\"card-img-top\" alt=\"...\"></div>\r\n<div style=\"padding-left:350px;\"><img src=\"public/images/FL2-3.jpg\" class=\"card-img-top\" alt=\"...\"></div>\r\n<div style=\"padding-left:350px;\"><img src=\"public/images/FL2-4.jpg\" class=\"card-img-top\" alt=\"...\"></div>\r\n<div style=\"padding-left:350px;\"><img src=\"public/images/FL2-5.jpg\" class=\"card-img-top\" alt=\"...\"></div>', 1, 3600000.000, 120000.000, 'GoDox', '<ul>\r\n<li>Công suất cực mạnh: GN60 (Bản đời 1 GN58) </li>\r\n<li>Tính toán công suất tự động: TTL. </li>\r\n<li>Zoom từ 20-200mm, sử dụng wide panel phủ rộng 14mm.</li>\r\n<li>ốc độ ăn đèn lên đến 1/8000s </li>\r\n</ul>', '2020-08-05 06:47:08', 3, '2020-08-05 06:47:08', 3, 1),
(75, 16, 'Sạc I-Discovery NP-W126', 'asdas', 'SP3.jpg', 'afsadf', 1, 300000.000, 0.000, 'sfasfdas', '<ul>\r\n<li>Công suất cực mạnh: GN60 (Bản đời 1 GN58) </li>\r\n<li>Tính toán công suất tự động: TTL. </li>\r\n<li>Zoom từ 20-200mm, sử dụng wide panel phủ rộng 14mm.</li>\r\n<li>ốc độ ăn đèn lên đến 1/8000s </li>\r\n</ul>', '2020-08-19 21:15:17', 3, '2020-08-19 21:15:17', 3, 1),
(76, 16, 'Sạc I-Discovery NP-F970', 'sf', 'SP4.jpg', 'sadfa', 5, 300000.000, 0.000, 'sdfasd', '<ul>\r\n<li>Công suất cực mạnh: GN60 (Bản đời 1 GN58) </li>\r\n<li>Tính toán công suất tự động: TTL. </li>\r\n<li>Zoom từ 20-200mm, sử dụng wide panel phủ rộng 14mm.</li>\r\n<li>ốc độ ăn đèn lên đến 1/8000s </li>\r\n</ul>', '2020-08-19 21:15:58', 3, '2020-08-19 21:15:58', 3, 1),
(77, 16, 'Sạc Pin Panasonic BQ-CC51E', 'sf', 'SP5.jpg', 'sadfa', 5, 300000.000, 0.000, 'sdfasd', '<ul>\r\n<li>Công suất cực mạnh: GN60 (Bản đời 1 GN58) </li>\r\n<li>Tính toán công suất tự động: TTL. </li>\r\n<li>Zoom từ 20-200mm, sử dụng wide panel phủ rộng 14mm.</li>\r\n<li>ốc độ ăn đèn lên đến 1/8000s </li>\r\n</ul>', '2020-08-19 21:15:58', 3, '2020-08-19 21:15:58', 3, 1),
(78, 16, 'Sạc Panasonic CC51 AA/ AAA', 'sf', 'SP6.jpg', 'sadfa', 5, 300000.000, 0.000, 'sdfasd', '<ul>\r\n<li>Công suất cực mạnh: GN60 (Bản đời 1 GN58) </li>\r\n<li>Tính toán công suất tự động: TTL. </li>\r\n<li>Zoom từ 20-200mm, sử dụng wide panel phủ rộng 14mm.</li>\r\n<li>ốc độ ăn đèn lên đến 1/8000s </li>\r\n</ul>', '2020-08-19 21:15:58', 3, '2020-08-19 21:15:58', 3, 1),
(79, 16, 'Sạc I-Discovery LP-E6 Cho Canon', 'sf', 'SP7.jpg', 'sadfa', 5, 300000.000, 0.000, 'sdfasd', '<ul>\r\n<li>Công suất cực mạnh: GN60 (Bản đời 1 GN58) </li>\r\n<li>Tính toán công suất tự động: TTL. </li>\r\n<li>Zoom từ 20-200mm, sử dụng wide panel phủ rộng 14mm.</li>\r\n<li>ốc độ ăn đèn lên đến 1/8000s </li>\r\n</ul>', '2020-08-19 21:15:58', 3, '2020-08-19 21:15:58', 3, 1),
(80, 16, 'Sạc Sanger NP-W126', 'sf', 'SP8.jpg', 'sadfa', 5, 300000.000, 0.000, 'sdfasd', 'sdfasd<ul>\r\n<li>Công suất cực mạnh: GN60 (Bản đời 1 GN58) </li>\r\n<li>Tính toán công suất tự động: TTL. </li>\r\n<li>Zoom từ 20-200mm, sử dụng wide panel phủ rộng 14mm.</li>\r\n<li>ốc độ ăn đèn lên đến 1/8000s </li>\r\n</ul>', '2020-08-19 21:15:58', 3, '2020-08-19 21:15:58', 3, 1),
(81, 17, 'sf', 'sf', 'P1.jpg', 'sadfa', 5, 300000.000, 0.000, 'sdfasd', 'sdfasd', '2020-08-19 21:15:58', 3, '2020-08-19 21:15:58', 3, 1),
(82, 17, 'sf', 'sf', 'P2.jpg', 'sadfa', 5, 300000.000, 0.000, 'sdfasd', 'sdfasd', '2020-08-19 21:15:58', 3, '2020-08-19 21:15:58', 3, 1),
(83, 17, 'sf', 'sf', 'P3.jpg', 'sadfa', 5, 300000.000, 0.000, 'sdfasd', 'sdfasd', '2020-08-19 21:15:58', 3, '2020-08-19 21:15:58', 3, 1),
(84, 17, 'sf', 'sf', 'P4.jpg', 'sadfa', 5, 300000.000, 0.000, 'sdfasd', 'sdfasd', '2020-08-19 21:15:58', 3, '2020-08-19 21:15:58', 3, 1),
(85, 17, 'sf', 'sf', 'P5.jpg', 'sadfa', 5, 300000.000, 0.000, 'sdfasd', 'sdfasd', '2020-08-19 21:15:58', 3, '2020-08-19 21:15:58', 3, 1),
(86, 17, 'sf', 'sf', 'P6.jpg', 'sadfa', 5, 300000.000, 0.000, 'sdfasd', 'sdfasd', '2020-08-19 21:15:58', 3, '2020-08-19 21:15:58', 3, 1),
(87, 17, 'sf', 'sf', 'P7.jpg', 'sadfa', 5, 300000.000, 0.000, 'sdfasd', 'sdfasd', '2020-08-19 21:15:58', 3, '2020-08-19 21:15:58', 3, 1),
(88, 17, 'sf', 'sf', 'P8.jpg', 'sadfa', 5, 300000.000, 0.000, 'sdfasd', 'sdfasd', '2020-08-19 21:15:58', 3, '2020-08-19 21:15:58', 3, 1),
(89, 17, 'sf', 'sf', 'P9.jpg', 'sadfa', 5, 300000.000, 0.000, 'sdfasd', 'sdfasd', '2020-08-19 21:15:58', 3, '2020-08-19 21:15:58', 3, 1),
(90, 17, 'sf', 'sf', 'P10.jpg', 'sadfa', 5, 300000.000, 0.000, 'sdfasd', 'sdfasd', '2020-08-19 21:15:58', 3, '2020-08-19 21:15:58', 3, 1),
(91, 17, 'sf', 'sf', 'P11.jpg', 'sadfa', 5, 300000.000, 0.000, 'sdfasd', 'sdfasd', '2020-08-19 21:15:58', 3, '2020-08-19 21:15:58', 3, 1),
(92, 17, 'sf', 'sf', 'P12.jpg', 'sadfa', 5, 300000.000, 0.000, 'sdfasd', 'sdfasd', '2020-08-19 21:15:58', 3, '2020-08-19 21:21:59', 3, 1),
(93, 18, 'Máy IN Ảnh ', 'sf', 'MY1.jpg', 'sadfa', 5, 300000.000, 0.000, 'sdfasd', 'sdfasd', '2020-08-19 21:15:58', 3, '2020-08-19 21:21:59', 3, 1),
(94, 18, 'sf', 'sf', 'MY2.jpg', 'sadfa', 5, 300000.000, 0.000, 'sdfasd', 'sdfasd', '2020-08-19 21:15:58', 3, '2020-08-19 21:21:59', 3, 1),
(95, 18, 'sf', 'sf', 'MY3.jpg', 'sadfa', 5, 300000.000, 0.000, 'sdfasd', 'sdfasd', '2020-08-19 21:15:58', 3, '2020-08-19 21:21:59', 3, 1),
(96, 18, 'sf', 'sf', 'MY4.jpg', 'sadfa', 5, 300000.000, 0.000, 'sdfasd', 'sdfasd', '2020-08-19 21:15:58', 3, '2020-08-19 21:21:59', 3, 1),
(97, 18, 'sf', 'sf', 'MY5.jpg', 'sadfa', 5, 300000.000, 0.000, 'sdfasd', 'sdfasd', '2020-08-19 21:15:58', 3, '2020-08-19 21:21:59', 3, 1),
(98, 18, 'sf', 'sf', 'MY6.jpg', 'sadfa', 5, 300000.000, 0.000, 'sdfasd', 'sdfasd', '2020-08-19 21:15:58', 3, '2020-08-19 21:21:59', 3, 1),
(99, 18, 'sf', 'sf', 'MY7.jpg', 'sadfa', 5, 300000.000, 0.000, 'sdfasd', 'sdfasd', '2020-08-19 21:15:58', 3, '2020-08-19 21:21:59', 3, 1),
(100, 18, 'sf', 'sf', 'MY8.jpg', 'sadfa', 5, 300000.000, 0.000, 'sdfasd', 'sdfasd', '2020-08-19 21:15:58', 3, '2020-08-19 21:21:59', 3, 1),
(101, 18, 'sf', 'sf', 'MY9.jpg', 'sadfa', 5, 300000.000, 0.000, 'sdfasd', 'sdfasd', '2020-08-19 21:15:58', 3, '2020-08-19 21:21:59', 3, 1),
(102, 20, 'Chân Máy Velbon M45 TrixPox', 'chan-may-velbon-m45', 'CM1.jpg', 'ngon ngon', 1, 300000.000, 0.000, 'Velbon', '<ul>\r\n<li>Loại: Tripod</li>\r\n<li>Chiều cao tối đa: 155.4 cm</li>\r\n<li>Xếp gọn: 47.2 cm</li>\r\n<li>Tải tối đa: 1.5 kg</li>\r\n</ul>', '2020-08-19 21:15:58', 3, '2020-08-19 21:34:56', 3, 1);

-- --------------------------------------------------------

--
-- Cấu trúc bảng cho bảng `ptd_slider`
--

CREATE TABLE `ptd_slider` (
  `id` int(10) UNSIGNED NOT NULL COMMENT 'Mã Slider',
  `name` varchar(255) COLLATE utf8_unicode_ci NOT NULL COMMENT 'Tên Slider',
  `link` varchar(255) COLLATE utf8_unicode_ci NOT NULL COMMENT 'Liên kết',
  `position` varchar(100) COLLATE utf8_unicode_ci NOT NULL COMMENT 'Vị trí',
  `img` varchar(100) COLLATE utf8_unicode_ci NOT NULL COMMENT 'Hình ảnh',
  `orders` int(10) UNSIGNED NOT NULL COMMENT 'Thứ tự',
  `created_at` timestamp NOT NULL DEFAULT current_timestamp() COMMENT 'Ngày tạo',
  `created_by` tinyint(3) UNSIGNED NOT NULL DEFAULT 1 COMMENT 'Người tạo',
  `updated_at` timestamp NOT NULL DEFAULT current_timestamp() COMMENT 'Ngày sửa',
  `updated_by` tinyint(3) UNSIGNED NOT NULL DEFAULT 1 COMMENT 'Người sửa',
  `status` tinyint(3) UNSIGNED DEFAULT 2 COMMENT 'Trạng thái'
) ENGINE=InnoDB DEFAULT CHARSET=utf8 COLLATE=utf8_unicode_ci;

--
-- Đang đổ dữ liệu cho bảng `ptd_slider`
--

INSERT INTO `ptd_slider` (`id`, `name`, `link`, `position`, `img`, `orders`, `created_at`, `created_by`, `updated_at`, `updated_by`, `status`) VALUES
(1, 'Khuyễn mãi hè 2020', 'http://domain.com/index.php?option=page&cat=khuyen-mai-he', 'slideshow', 'hinh1.png', 1, '2020-07-01 00:12:13', 1, '2020-07-01 00:12:13', 1, 1),
(2, 'Khuyễn mãi mùa khai giảng', 'http://domain.com/index.php?option=page&cat=khuyen-mai-mua-khai-giang', 'slideshow', 'hinh2.png', 1, '2020-07-01 00:12:13', 1, '2020-07-01 00:12:13', 1, 1),
(3, 'Khuyễn mãi giáng sinh', 'http://domain.com/index.php?option=page&cat=khuyen-giang-sinh', 'slideshow', 'hinh3.png', 1, '2020-07-01 00:12:13', 1, '2020-07-01 00:12:13', 1, 1);

-- --------------------------------------------------------

--
-- Cấu trúc bảng cho bảng `ptd_topic`
--

CREATE TABLE `ptd_topic` (
  `id` int(10) UNSIGNED NOT NULL COMMENT 'Mã chủ đề',
  `name` varchar(255) COLLATE utf8_unicode_ci NOT NULL COMMENT 'Tên chủ đề',
  `slug` varchar(255) COLLATE utf8_unicode_ci NOT NULL COMMENT 'Slug tên chủ đề',
  `parentid` int(10) UNSIGNED NOT NULL DEFAULT 0 COMMENT 'Mã cấp cha',
  `orders` int(10) UNSIGNED NOT NULL DEFAULT 1 COMMENT 'Sắp xếp',
  `metakey` varchar(255) COLLATE utf8_unicode_ci NOT NULL COMMENT 'Từ khóa SEO',
  `metadesc` varchar(255) COLLATE utf8_unicode_ci NOT NULL COMMENT 'Mô tả SEO',
  `created_at` timestamp NOT NULL DEFAULT current_timestamp() COMMENT 'Ngày tạo',
  `created_by` tinyint(3) UNSIGNED NOT NULL DEFAULT 1 COMMENT 'Người tạo',
  `updated_at` timestamp NOT NULL DEFAULT current_timestamp() COMMENT 'Ngày sửa',
  `updated_by` tinyint(3) UNSIGNED NOT NULL DEFAULT 1 COMMENT 'Người sửa',
  `status` tinyint(3) UNSIGNED NOT NULL DEFAULT 2 COMMENT 'Trạng thái'
) ENGINE=InnoDB DEFAULT CHARSET=utf8 COLLATE=utf8_unicode_ci;

--
-- Đang đổ dữ liệu cho bảng `ptd_topic`
--

INSERT INTO `ptd_topic` (`id`, `name`, `slug`, `parentid`, `orders`, `metakey`, `metadesc`, `created_at`, `created_by`, `updated_at`, `updated_by`, `status`) VALUES
(1, 'Tin tức', 'tin-tuc', 0, 1, 'Từ khóa SEO', 'Mô tả SEO', '2020-07-03 09:14:39', 1, '2020-07-03 09:14:39', 1, 1),
(2, 'Dịch vụ', 'dich-vu', 0, 2, 'Từ khóa SEO', 'Mô tả SEO', '2020-07-03 09:14:39', 1, '2020-07-03 09:14:39', 1, 1);

-- --------------------------------------------------------

--
-- Cấu trúc bảng cho bảng `ptd_user`
--

CREATE TABLE `ptd_user` (
  `id` int(10) UNSIGNED NOT NULL COMMENT 'Mã tài khoản',
  `fullname` varchar(100) COLLATE utf8_unicode_ci NOT NULL COMMENT 'Họ và tên',
  `username` varchar(100) COLLATE utf8_unicode_ci NOT NULL COMMENT 'Tên đăng nhâp',
  `password` varchar(64) COLLATE utf8_unicode_ci NOT NULL COMMENT 'Mật khẩu',
  `email` varchar(100) COLLATE utf8_unicode_ci NOT NULL COMMENT 'Email',
  `gender` tinyint(3) UNSIGNED NOT NULL COMMENT 'Giới tính',
  `phone` varchar(11) COLLATE utf8_unicode_ci NOT NULL COMMENT 'Điện thoại',
  `img` varchar(100) COLLATE utf8_unicode_ci NOT NULL COMMENT 'Hình',
  `access` tinyint(3) UNSIGNED NOT NULL DEFAULT 0 COMMENT 'Quyền truy cập',
  `created_at` timestamp NOT NULL DEFAULT current_timestamp() COMMENT 'Ngày tạo',
  `created_by` tinyint(3) UNSIGNED NOT NULL DEFAULT 1 COMMENT 'Người tạo',
  `updated_at` timestamp NOT NULL DEFAULT current_timestamp() COMMENT 'Ngày sửa',
  `updated_by` tinyint(3) UNSIGNED NOT NULL DEFAULT 1 COMMENT 'Người sửa',
  `status` tinyint(3) UNSIGNED NOT NULL DEFAULT 2 COMMENT 'Trạng thái'
) ENGINE=InnoDB DEFAULT CHARSET=utf8 COLLATE=utf8_unicode_ci;

--
-- Đang đổ dữ liệu cho bảng `ptd_user`
--

INSERT INTO `ptd_user` (`id`, `fullname`, `username`, `password`, `email`, `gender`, `phone`, `img`, `access`, `created_at`, `created_by`, `updated_at`, `updated_by`, `status`) VALUES
(4, 'Pham Dat', 'tiendat111', '279d0f3efd1735620733c4da3b3d66a28c213993', 'tiendatt3009@gmail.com', 1, '0333727182', 'ddd.jpg', 0, '2020-08-18 09:15:09', 1, '2020-08-18 09:15:09', 1, 1),
(5, 'Phạm Tiến Đạt', 'tiendat3009', '7e9d765f1dacfc141d24c7b227d269c12ac9dfc6', 'tiendatt3009@gmail.com', 1, '01673442622', 'hdhd.jpg', 1, '2020-08-18 13:29:50', 1, '2020-08-18 13:29:50', 1, 1),
(6, 'pham van tien', 'phamtien', '7c4a8d09ca3762af61e59520943dc26494f8941b', 'tiendat@gmail.com', 1, '0333727182', 'ddd.jpg', 0, '2020-08-19 09:55:23', 1, '2020-08-19 09:55:23', 1, 1);

--
-- Chỉ mục cho các bảng đã đổ
--

--
-- Chỉ mục cho bảng `ptd_category`
--
ALTER TABLE `ptd_category`
  ADD PRIMARY KEY (`id`);

--
-- Chỉ mục cho bảng `ptd_contact`
--
ALTER TABLE `ptd_contact`
  ADD PRIMARY KEY (`id`);

--
-- Chỉ mục cho bảng `ptd_menu`
--
ALTER TABLE `ptd_menu`
  ADD PRIMARY KEY (`id`);

--
-- Chỉ mục cho bảng `ptd_order`
--
ALTER TABLE `ptd_order`
  ADD PRIMARY KEY (`id`);

--
-- Chỉ mục cho bảng `ptd_orderdetail`
--
ALTER TABLE `ptd_orderdetail`
  ADD PRIMARY KEY (`id`);

--
-- Chỉ mục cho bảng `ptd_post`
--
ALTER TABLE `ptd_post`
  ADD PRIMARY KEY (`id`);

--
-- Chỉ mục cho bảng `ptd_product`
--
ALTER TABLE `ptd_product`
  ADD PRIMARY KEY (`id`);

--
-- Chỉ mục cho bảng `ptd_slider`
--
ALTER TABLE `ptd_slider`
  ADD PRIMARY KEY (`id`);

--
-- Chỉ mục cho bảng `ptd_topic`
--
ALTER TABLE `ptd_topic`
  ADD PRIMARY KEY (`id`);

--
-- Chỉ mục cho bảng `ptd_user`
--
ALTER TABLE `ptd_user`
  ADD PRIMARY KEY (`id`);

--
-- AUTO_INCREMENT cho các bảng đã đổ
--

--
-- AUTO_INCREMENT cho bảng `ptd_category`
--
ALTER TABLE `ptd_category`
  MODIFY `id` int(11) NOT NULL AUTO_INCREMENT COMMENT 'Mã Loại', AUTO_INCREMENT=21;

--
-- AUTO_INCREMENT cho bảng `ptd_contact`
--
ALTER TABLE `ptd_contact`
  MODIFY `id` int(11) NOT NULL AUTO_INCREMENT COMMENT 'Mã liên hệ', AUTO_INCREMENT=5;

--
-- AUTO_INCREMENT cho bảng `ptd_menu`
--
ALTER TABLE `ptd_menu`
  MODIFY `id` int(11) NOT NULL AUTO_INCREMENT COMMENT 'Mã Menu', AUTO_INCREMENT=13;

--
-- AUTO_INCREMENT cho bảng `ptd_order`
--
ALTER TABLE `ptd_order`
  MODIFY `id` int(10) UNSIGNED NOT NULL AUTO_INCREMENT COMMENT 'Mã đơn hàng', AUTO_INCREMENT=7;

--
-- AUTO_INCREMENT cho bảng `ptd_orderdetail`
--
ALTER TABLE `ptd_orderdetail`
  MODIFY `id` int(10) UNSIGNED NOT NULL AUTO_INCREMENT COMMENT 'Mã CT Đơn hàng', AUTO_INCREMENT=10;

--
-- AUTO_INCREMENT cho bảng `ptd_post`
--
ALTER TABLE `ptd_post`
  MODIFY `id` int(10) UNSIGNED NOT NULL AUTO_INCREMENT COMMENT 'Mã bài viết', AUTO_INCREMENT=25;

--
-- AUTO_INCREMENT cho bảng `ptd_product`
--
ALTER TABLE `ptd_product`
  MODIFY `id` int(10) UNSIGNED NOT NULL AUTO_INCREMENT COMMENT 'Mã sản phẩm', AUTO_INCREMENT=103;

--
-- AUTO_INCREMENT cho bảng `ptd_slider`
--
ALTER TABLE `ptd_slider`
  MODIFY `id` int(10) UNSIGNED NOT NULL AUTO_INCREMENT COMMENT 'Mã Slider', AUTO_INCREMENT=5;

--
-- AUTO_INCREMENT cho bảng `ptd_topic`
--
ALTER TABLE `ptd_topic`
  MODIFY `id` int(10) UNSIGNED NOT NULL AUTO_INCREMENT COMMENT 'Mã chủ đề', AUTO_INCREMENT=3;

--
-- AUTO_INCREMENT cho bảng `ptd_user`
--
ALTER TABLE `ptd_user`
  MODIFY `id` int(10) UNSIGNED NOT NULL AUTO_INCREMENT COMMENT 'Mã tài khoản', AUTO_INCREMENT=7;
COMMIT;

/*!40101 SET CHARACTER_SET_CLIENT=@OLD_CHARACTER_SET_CLIENT */;
/*!40101 SET CHARACTER_SET_RESULTS=@OLD_CHARACTER_SET_RESULTS */;
/*!40101 SET COLLATION_CONNECTION=@OLD_COLLATION_CONNECTION */;
